
AVRASM ver. 2.1.30  D:\DOANVDK2026\ION ÂM-20260315T113149Z-1-001\Code1Doan\Code1Doan\Debug\List\Code1.asm Mon Apr 06 23:06:27 2026

D:\DOANVDK2026\ION ÂM-20260315T113149Z-1-001\Code1Doan\Code1Doan\Debug\List\Code1.asm(1083): warning: Register r5 already defined by the .DEF directive
D:\DOANVDK2026\ION ÂM-20260315T113149Z-1-001\Code1Doan\Code1Doan\Debug\List\Code1.asm(1084): warning: Register r4 already defined by the .DEF directive
D:\DOANVDK2026\ION ÂM-20260315T113149Z-1-001\Code1Doan\Code1Doan\Debug\List\Code1.asm(1085): warning: Register r6 already defined by the .DEF directive
D:\DOANVDK2026\ION ÂM-20260315T113149Z-1-001\Code1Doan\Code1Doan\Debug\List\Code1.asm(1086): warning: Register r7 already defined by the .DEF directive
D:\DOANVDK2026\ION ÂM-20260315T113149Z-1-001\Code1Doan\Code1Doan\Debug\List\Code1.asm(1087): warning: Register r9 already defined by the .DEF directive
D:\DOANVDK2026\ION ÂM-20260315T113149Z-1-001\Code1Doan\Code1Doan\Debug\List\Code1.asm(1088): warning: Register r10 already defined by the .DEF directive
D:\DOANVDK2026\ION ÂM-20260315T113149Z-1-001\Code1Doan\Code1Doan\Debug\List\Code1.asm(1089): warning: Register r11 already defined by the .DEF directive
D:\DOANVDK2026\ION ÂM-20260315T113149Z-1-001\Code1Doan\Code1Doan\Debug\List\Code1.asm(1090): warning: Register r12 already defined by the .DEF directive
D:\DOANVDK2026\ION ÂM-20260315T113149Z-1-001\Code1Doan\Code1Doan\Debug\List\Code1.asm(1091): warning: Register r13 already defined by the .DEF directive
D:\DOANVDK2026\ION ÂM-20260315T113149Z-1-001\Code1Doan\Code1Doan\Debug\List\Code1.asm(1092): warning: Register r8 already defined by the .DEF directive
                 
                 
                 ;CodeVisionAVR C Compiler V3.40 Advanced
                 ;(C) Copyright 1998-2020 Pavel Haiduc, HP InfoTech S.R.L.
                 ;http://www.hpinfotech.ro
                 
                 ;Build configuration    : Debug
                 ;Chip type              : ATmega16
                 ;Program type           : Application
                 ;Clock frequency        : 8,000000 MHz
                 ;Memory model           : Small
                 ;Optimize for           : Size
                 ;(s)printf features     : int, width
                 ;(s)scanf features      : int, width
                 ;External RAM size      : 0
                 ;Data Stack size        : 256 byte(s)
                 ;Heap size              : 0 byte(s)
                 ;Promote 'char' to 'int': Yes
                 ;'char' is unsigned     : Yes
                 ;8 bit enums            : Yes
                 ;Global 'const' stored in FLASH: Yes
                 ;Enhanced function parameter passing: Mode 1
                 ;Enhanced core instructions: On
                 ;Automatic register allocation for global variables: On
                 ;Smart register allocation: On
                 
                 	#define _MODEL_SMALL_
                 
                 	#pragma AVRPART ADMIN PART_NAME ATmega16
                 	#pragma AVRPART MEMORY PROG_FLASH 16384
                 	#pragma AVRPART MEMORY EEPROM 512
                 	#pragma AVRPART MEMORY INT_SRAM SIZE 1024
                 	#pragma AVRPART MEMORY INT_SRAM START_ADDR 0x60
                 
                 	#define CALL_SUPPORTED 1
                 
                 	.LISTMAC
                 	.EQU UDRE=0x5
                 	.EQU RXC=0x7
                 	.EQU USR=0xB
                 	.EQU UDR=0xC
                 	.EQU SPSR=0xE
                 	.EQU SPDR=0xF
                 	.EQU EERE=0x0
                 	.EQU EEWE=0x1
                 	.EQU EEMWE=0x2
                 	.EQU EECR=0x1C
                 	.EQU EEDR=0x1D
                 	.EQU EEARL=0x1E
                 	.EQU EEARH=0x1F
                 	.EQU WDTCR=0x21
                 	.EQU MCUCR=0x35
                 	.EQU GICR=0x3B
                 	.EQU SPL=0x3D
                 	.EQU SPH=0x3E
                 	.EQU SREG=0x3F
                 
                 	.DEF R0X0=R0
                 	.DEF R0X1=R1
                 	.DEF R0X2=R2
                 	.DEF R0X3=R3
                 	.DEF R0X4=R4
                 	.DEF R0X5=R5
                 	.DEF R0X6=R6
                 	.DEF R0X7=R7
                 	.DEF R0X8=R8
                 	.DEF R0X9=R9
                 	.DEF R0XA=R10
                 	.DEF R0XB=R11
                 	.DEF R0XC=R12
                 	.DEF R0XD=R13
                 	.DEF R0XE=R14
                 	.DEF R0XF=R15
                 	.DEF R0X10=R16
                 	.DEF R0X11=R17
                 	.DEF R0X12=R18
                 	.DEF R0X13=R19
                 	.DEF R0X14=R20
                 	.DEF R0X15=R21
                 	.DEF R0X16=R22
                 	.DEF R0X17=R23
                 	.DEF R0X18=R24
                 	.DEF R0X19=R25
                 	.DEF R0X1A=R26
                 	.DEF R0X1B=R27
                 	.DEF R0X1C=R28
                 	.DEF R0X1D=R29
                 	.DEF R0X1E=R30
                 	.DEF R0X1F=R31
                 
                 	.EQU __SRAM_START=0x0060
                 	.EQU __SRAM_END=0x045F
                 	.EQU __DSTACK_SIZE=0x0100
                 	.EQU __HEAP_SIZE=0x0000
                 	.EQU __CLEAR_SRAM_SIZE=__SRAM_END-__SRAM_START+1
                 
                 	.MACRO __CPD1N
                 	CPI  R30,LOW(@0)
                 	LDI  R26,HIGH(@0)
                 	CPC  R31,R26
                 	LDI  R26,BYTE3(@0)
                 	CPC  R22,R26
                 	LDI  R26,BYTE4(@0)
                 	CPC  R23,R26
                 	.ENDM
                 
                 	.MACRO __CPD2N
                 	CPI  R26,LOW(@0)
                 	LDI  R30,HIGH(@0)
                 	CPC  R27,R30
                 	LDI  R30,BYTE3(@0)
                 	CPC  R24,R30
                 	LDI  R30,BYTE4(@0)
                 	CPC  R25,R30
                 	.ENDM
                 
                 	.MACRO __CPWRR
                 	CP   R@0,R@2
                 	CPC  R@1,R@3
                 	.ENDM
                 
                 	.MACRO __CPWRN
                 	CPI  R@0,LOW(@2)
                 	LDI  R30,HIGH(@2)
                 	CPC  R@1,R30
                 	.ENDM
                 
                 	.MACRO __ADDB1MN
                 	SUBI R30,LOW(-@0-(@1))
                 	.ENDM
                 
                 	.MACRO __ADDB2MN
                 	SUBI R26,LOW(-@0-(@1))
                 	.ENDM
                 
                 	.MACRO __ADDW1MN
                 	SUBI R30,LOW(-@0-(@1))
                 	SBCI R31,HIGH(-@0-(@1))
                 	.ENDM
                 
                 	.MACRO __ADDW2MN
                 	SUBI R26,LOW(-@0-(@1))
                 	SBCI R27,HIGH(-@0-(@1))
                 	.ENDM
                 
                 	.MACRO __ADDW1FN
                 	SUBI R30,LOW(-2*@0-(@1))
                 	SBCI R31,HIGH(-2*@0-(@1))
                 	.ENDM
                 
                 	.MACRO __ADDD1FN
                 	SUBI R30,LOW(-2*@0-(@1))
                 	SBCI R31,HIGH(-2*@0-(@1))
                 	SBCI R22,BYTE3(-2*@0-(@1))
                 	.ENDM
                 
                 	.MACRO __ADDD1N
                 	SUBI R30,LOW(-@0)
                 	SBCI R31,HIGH(-@0)
                 	SBCI R22,BYTE3(-@0)
                 	SBCI R23,BYTE4(-@0)
                 	.ENDM
                 
                 	.MACRO __ADDD2N
                 	SUBI R26,LOW(-@0)
                 	SBCI R27,HIGH(-@0)
                 	SBCI R24,BYTE3(-@0)
                 	SBCI R25,BYTE4(-@0)
                 	.ENDM
                 
                 	.MACRO __SUBD1N
                 	SUBI R30,LOW(@0)
                 	SBCI R31,HIGH(@0)
                 	SBCI R22,BYTE3(@0)
                 	SBCI R23,BYTE4(@0)
                 	.ENDM
                 
                 	.MACRO __SUBD2N
                 	SUBI R26,LOW(@0)
                 	SBCI R27,HIGH(@0)
                 	SBCI R24,BYTE3(@0)
                 	SBCI R25,BYTE4(@0)
                 	.ENDM
                 
                 	.MACRO __ANDBMNN
                 	LDS  R30,@0+(@1)
                 	ANDI R30,LOW(@2)
                 	STS  @0+(@1),R30
                 	.ENDM
                 
                 	.MACRO __ANDWMNN
                 	LDS  R30,@0+(@1)
                 	ANDI R30,LOW(@2)
                 	STS  @0+(@1),R30
                 	LDS  R30,@0+(@1)+1
                 	ANDI R30,HIGH(@2)
                 	STS  @0+(@1)+1,R30
                 	.ENDM
                 
                 	.MACRO __ANDD1N
                 	ANDI R30,LOW(@0)
                 	ANDI R31,HIGH(@0)
                 	ANDI R22,BYTE3(@0)
                 	ANDI R23,BYTE4(@0)
                 	.ENDM
                 
                 	.MACRO __ANDD2N
                 	ANDI R26,LOW(@0)
                 	ANDI R27,HIGH(@0)
                 	ANDI R24,BYTE3(@0)
                 	ANDI R25,BYTE4(@0)
                 	.ENDM
                 
                 	.MACRO __ORBMNN
                 	LDS  R30,@0+(@1)
                 	ORI  R30,LOW(@2)
                 	STS  @0+(@1),R30
                 	.ENDM
                 
                 	.MACRO __ORWMNN
                 	LDS  R30,@0+(@1)
                 	ORI  R30,LOW(@2)
                 	STS  @0+(@1),R30
                 	LDS  R30,@0+(@1)+1
                 	ORI  R30,HIGH(@2)
                 	STS  @0+(@1)+1,R30
                 	.ENDM
                 
                 	.MACRO __ORD1N
                 	ORI  R30,LOW(@0)
                 	ORI  R31,HIGH(@0)
                 	ORI  R22,BYTE3(@0)
                 	ORI  R23,BYTE4(@0)
                 	.ENDM
                 
                 	.MACRO __ORD2N
                 	ORI  R26,LOW(@0)
                 	ORI  R27,HIGH(@0)
                 	ORI  R24,BYTE3(@0)
                 	ORI  R25,BYTE4(@0)
                 	.ENDM
                 
                 	.MACRO __DELAY_USB
                 	LDI  R24,LOW(@0)
                 __DELAY_USB_LOOP:
                 	DEC  R24
                 	BRNE __DELAY_USB_LOOP
                 	.ENDM
                 
                 	.MACRO __DELAY_USW
                 	LDI  R24,LOW(@0)
                 	LDI  R25,HIGH(@0)
                 __DELAY_USW_LOOP:
                 	SBIW R24,1
                 	BRNE __DELAY_USW_LOOP
                 	.ENDM
                 
                 	.MACRO __GETD1S
                 	LDD  R30,Y+@0
                 	LDD  R31,Y+@0+1
                 	LDD  R22,Y+@0+2
                 	LDD  R23,Y+@0+3
                 	.ENDM
                 
                 	.MACRO __GETD2S
                 	LDD  R26,Y+@0
                 	LDD  R27,Y+@0+1
                 	LDD  R24,Y+@0+2
                 	LDD  R25,Y+@0+3
                 	.ENDM
                 
                 	.MACRO __PUTD1S
                 	STD  Y+@0,R30
                 	STD  Y+@0+1,R31
                 	STD  Y+@0+2,R22
                 	STD  Y+@0+3,R23
                 	.ENDM
                 
                 	.MACRO __PUTD2S
                 	STD  Y+@0,R26
                 	STD  Y+@0+1,R27
                 	STD  Y+@0+2,R24
                 	STD  Y+@0+3,R25
                 	.ENDM
                 
                 	.MACRO __PUTDZ2
                 	STD  Z+@0,R26
                 	STD  Z+@0+1,R27
                 	STD  Z+@0+2,R24
                 	STD  Z+@0+3,R25
                 	.ENDM
                 
                 	.MACRO __CLRD1S
                 	STD  Y+@0,R30
                 	STD  Y+@0+1,R30
                 	STD  Y+@0+2,R30
                 	STD  Y+@0+3,R30
                 	.ENDM
                 
                 	.MACRO __POINTB1MN
                 	LDI  R30,LOW(@0+(@1))
                 	.ENDM
                 
                 	.MACRO __POINTW1MN
                 	LDI  R30,LOW(@0+(@1))
                 	LDI  R31,HIGH(@0+(@1))
                 	.ENDM
                 
                 	.MACRO __POINTD1M
                 	LDI  R30,LOW(@0)
                 	LDI  R31,HIGH(@0)
                 	LDI  R22,BYTE3(@0)
                 	LDI  R23,BYTE4(@0)
                 	.ENDM
                 
                 	.MACRO __POINTW1FN
                 	LDI  R30,LOW(2*@0+(@1))
                 	LDI  R31,HIGH(2*@0+(@1))
                 	.ENDM
                 
                 	.MACRO __POINTD1FN
                 	LDI  R30,LOW(2*@0+(@1))
                 	LDI  R31,HIGH(2*@0+(@1))
                 	LDI  R22,BYTE3(2*@0+(@1))
                 	LDI  R23,BYTE4(2*@0+(@1))
                 	.ENDM
                 
                 	.MACRO __POINTB2MN
                 	LDI  R26,LOW(@0+(@1))
                 	.ENDM
                 
                 	.MACRO __POINTW2MN
                 	LDI  R26,LOW(@0+(@1))
                 	LDI  R27,HIGH(@0+(@1))
                 	.ENDM
                 
                 	.MACRO __POINTD2M
                 	LDI  R26,LOW(@0)
                 	LDI  R27,HIGH(@0)
                 	LDI  R24,BYTE3(@0)
                 	LDI  R25,BYTE4(@0)
                 	.ENDM
                 
                 	.MACRO __POINTW2FN
                 	LDI  R26,LOW(2*@0+(@1))
                 	LDI  R27,HIGH(2*@0+(@1))
                 	.ENDM
                 
                 	.MACRO __POINTD2FN
                 	LDI  R26,LOW(2*@0+(@1))
                 	LDI  R27,HIGH(2*@0+(@1))
                 	LDI  R24,BYTE3(2*@0+(@1))
                 	LDI  R25,BYTE4(2*@0+(@1))
                 	.ENDM
                 
                 	.MACRO __POINTBRM
                 	LDI  R@0,LOW(@1)
                 	.ENDM
                 
                 	.MACRO __POINTWRM
                 	LDI  R@0,LOW(@2)
                 	LDI  R@1,HIGH(@2)
                 	.ENDM
                 
                 	.MACRO __POINTBRMN
                 	LDI  R@0,LOW(@1+(@2))
                 	.ENDM
                 
                 	.MACRO __POINTWRMN
                 	LDI  R@0,LOW(@2+(@3))
                 	LDI  R@1,HIGH(@2+(@3))
                 	.ENDM
                 
                 	.MACRO __POINTWRFN
                 	LDI  R@0,LOW(@2*2+(@3))
                 	LDI  R@1,HIGH(@2*2+(@3))
                 	.ENDM
                 
                 	.MACRO __GETD1N
                 	LDI  R30,LOW(@0)
                 	LDI  R31,HIGH(@0)
                 	LDI  R22,BYTE3(@0)
                 	LDI  R23,BYTE4(@0)
                 	.ENDM
                 
                 	.MACRO __GETD2N
                 	LDI  R26,LOW(@0)
                 	LDI  R27,HIGH(@0)
                 	LDI  R24,BYTE3(@0)
                 	LDI  R25,BYTE4(@0)
                 	.ENDM
                 
                 	.MACRO __GETB1MN
                 	LDS  R30,@0+(@1)
                 	.ENDM
                 
                 	.MACRO __GETB1HMN
                 	LDS  R31,@0+(@1)
                 	.ENDM
                 
                 	.MACRO __GETW1MN
                 	LDS  R30,@0+(@1)
                 	LDS  R31,@0+(@1)+1
                 	.ENDM
                 
                 	.MACRO __GETD1MN
                 	LDS  R30,@0+(@1)
                 	LDS  R31,@0+(@1)+1
                 	LDS  R22,@0+(@1)+2
                 	LDS  R23,@0+(@1)+3
                 	.ENDM
                 
                 	.MACRO __GETBRMN
                 	LDS  R@0,@1+(@2)
                 	.ENDM
                 
                 	.MACRO __GETWRMN
                 	LDS  R@0,@2+(@3)
                 	LDS  R@1,@2+(@3)+1
                 	.ENDM
                 
                 	.MACRO __GETWRZ
                 	LDD  R@0,Z+@2
                 	LDD  R@1,Z+@2+1
                 	.ENDM
                 
                 	.MACRO __GETD2Z
                 	LDD  R26,Z+@0
                 	LDD  R27,Z+@0+1
                 	LDD  R24,Z+@0+2
                 	LDD  R25,Z+@0+3
                 	.ENDM
                 
                 	.MACRO __GETB2MN
                 	LDS  R26,@0+(@1)
                 	.ENDM
                 
                 	.MACRO __GETW2MN
                 	LDS  R26,@0+(@1)
                 	LDS  R27,@0+(@1)+1
                 	.ENDM
                 
                 	.MACRO __GETD2MN
                 	LDS  R26,@0+(@1)
                 	LDS  R27,@0+(@1)+1
                 	LDS  R24,@0+(@1)+2
                 	LDS  R25,@0+(@1)+3
                 	.ENDM
                 
                 	.MACRO __PUTB1MN
                 	STS  @0+(@1),R30
                 	.ENDM
                 
                 	.MACRO __PUTW1MN
                 	STS  @0+(@1),R30
                 	STS  @0+(@1)+1,R31
                 	.ENDM
                 
                 	.MACRO __PUTD1MN
                 	STS  @0+(@1),R30
                 	STS  @0+(@1)+1,R31
                 	STS  @0+(@1)+2,R22
                 	STS  @0+(@1)+3,R23
                 	.ENDM
                 
                 	.MACRO __PUTB1EN
                 	LDI  R26,LOW(@0+(@1))
                 	LDI  R27,HIGH(@0+(@1))
                 	CALL __EEPROMWRB
                 	.ENDM
                 
                 	.MACRO __PUTW1EN
                 	LDI  R26,LOW(@0+(@1))
                 	LDI  R27,HIGH(@0+(@1))
                 	CALL __EEPROMWRW
                 	.ENDM
                 
                 	.MACRO __PUTD1EN
                 	LDI  R26,LOW(@0+(@1))
                 	LDI  R27,HIGH(@0+(@1))
                 	CALL __EEPROMWRD
                 	.ENDM
                 
                 	.MACRO __PUTBR0MN
                 	STS  @0+(@1),R0
                 	.ENDM
                 
                 	.MACRO __PUTBMRN
                 	STS  @0+(@1),R@2
                 	.ENDM
                 
                 	.MACRO __PUTWMRN
                 	STS  @0+(@1),R@2
                 	STS  @0+(@1)+1,R@3
                 	.ENDM
                 
                 	.MACRO __PUTBZR
                 	STD  Z+@1,R@0
                 	.ENDM
                 
                 	.MACRO __PUTWZR
                 	STD  Z+@2,R@0
                 	STD  Z+@2+1,R@1
                 	.ENDM
                 
                 	.MACRO __GETW1R
                 	MOV  R30,R@0
                 	MOV  R31,R@1
                 	.ENDM
                 
                 	.MACRO __GETW2R
                 	MOV  R26,R@0
                 	MOV  R27,R@1
                 	.ENDM
                 
                 	.MACRO __GETWRN
                 	LDI  R@0,LOW(@2)
                 	LDI  R@1,HIGH(@2)
                 	.ENDM
                 
                 	.MACRO __PUTW1R
                 	MOV  R@0,R30
                 	MOV  R@1,R31
                 	.ENDM
                 
                 	.MACRO __PUTW2R
                 	MOV  R@0,R26
                 	MOV  R@1,R27
                 	.ENDM
                 
                 	.MACRO __ADDWRN
                 	SUBI R@0,LOW(-@2)
                 	SBCI R@1,HIGH(-@2)
                 	.ENDM
                 
                 	.MACRO __ADDWRR
                 	ADD  R@0,R@2
                 	ADC  R@1,R@3
                 	.ENDM
                 
                 	.MACRO __SUBWRN
                 	SUBI R@0,LOW(@2)
                 	SBCI R@1,HIGH(@2)
                 	.ENDM
                 
                 	.MACRO __SUBWRR
                 	SUB  R@0,R@2
                 	SBC  R@1,R@3
                 	.ENDM
                 
                 	.MACRO __ANDWRN
                 	ANDI R@0,LOW(@2)
                 	ANDI R@1,HIGH(@2)
                 	.ENDM
                 
                 	.MACRO __ANDWRR
                 	AND  R@0,R@2
                 	AND  R@1,R@3
                 	.ENDM
                 
                 	.MACRO __ORWRN
                 	ORI  R@0,LOW(@2)
                 	ORI  R@1,HIGH(@2)
                 	.ENDM
                 
                 	.MACRO __ORWRR
                 	OR   R@0,R@2
                 	OR   R@1,R@3
                 	.ENDM
                 
                 	.MACRO __EORWRR
                 	EOR  R@0,R@2
                 	EOR  R@1,R@3
                 	.ENDM
                 
                 	.MACRO __GETWRS
                 	LDD  R@0,Y+@2
                 	LDD  R@1,Y+@2+1
                 	.ENDM
                 
                 	.MACRO __PUTBSR
                 	STD  Y+@1,R@0
                 	.ENDM
                 
                 	.MACRO __PUTWSR
                 	STD  Y+@2,R@0
                 	STD  Y+@2+1,R@1
                 	.ENDM
                 
                 	.MACRO __MOVEWRR
                 	MOV  R@0,R@2
                 	MOV  R@1,R@3
                 	.ENDM
                 
                 	.MACRO __INWR
                 	IN   R@0,@2
                 	IN   R@1,@2+1
                 	.ENDM
                 
                 	.MACRO __OUTWR
                 	OUT  @2+1,R@1
                 	OUT  @2,R@0
                 	.ENDM
                 
                 	.MACRO __CALL1MN
                 	LDS  R30,@0+(@1)
                 	LDS  R31,@0+(@1)+1
                 	ICALL
                 	.ENDM
                 
                 	.MACRO __CALL1FN
                 	LDI  R30,LOW(2*@0+(@1))
                 	LDI  R31,HIGH(2*@0+(@1))
                 	CALL __GETW1PF
                 	ICALL
                 	.ENDM
                 
                 	.MACRO __CALL2EN
                 	PUSH R26
                 	PUSH R27
                 	LDI  R26,LOW(@0+(@1))
                 	LDI  R27,HIGH(@0+(@1))
                 	CALL __EEPROMRDW
                 	POP  R27
                 	POP  R26
                 	ICALL
                 	.ENDM
                 
                 	.MACRO __CALL2EX
                 	SUBI R26,LOW(-@0)
                 	SBCI R27,HIGH(-@0)
                 	CALL __EEPROMRDD
                 	ICALL
                 	.ENDM
                 
                 	.MACRO __GETW1STACK
                 	IN   R30,SPL
                 	IN   R31,SPH
                 	ADIW R30,@0+1
                 	LD   R0,Z+
                 	LD   R31,Z
                 	MOV  R30,R0
                 	.ENDM
                 
                 	.MACRO __GETD1STACK
                 	IN   R30,SPL
                 	IN   R31,SPH
                 	ADIW R30,@0+1
                 	LD   R0,Z+
                 	LD   R1,Z+
                 	LD   R22,Z
                 	MOVW R30,R0
                 	.ENDM
                 
                 	.MACRO __NBST
                 	BST  R@0,@1
                 	IN   R30,SREG
                 	LDI  R31,0x40
                 	EOR  R30,R31
                 	OUT  SREG,R30
                 	.ENDM
                 
                 
                 	.MACRO __PUTB1SN
                 	LDD  R26,Y+@0
                 	LDD  R27,Y+@0+1
                 	SUBI R26,LOW(-@1)
                 	SBCI R27,HIGH(-@1)
                 	ST   X,R30
                 	.ENDM
                 
                 	.MACRO __PUTW1SN
                 	LDD  R26,Y+@0
                 	LDD  R27,Y+@0+1
                 	SUBI R26,LOW(-@1)
                 	SBCI R27,HIGH(-@1)
                 	ST   X+,R30
                 	ST   X,R31
                 	.ENDM
                 
                 	.MACRO __PUTD1SN
                 	LDD  R26,Y+@0
                 	LDD  R27,Y+@0+1
                 	SUBI R26,LOW(-@1)
                 	SBCI R27,HIGH(-@1)
                 	CALL __PUTDP1
                 	.ENDM
                 
                 	.MACRO __PUTB1SNS
                 	LDD  R26,Y+@0
                 	LDD  R27,Y+@0+1
                 	ADIW R26,@1
                 	ST   X,R30
                 	.ENDM
                 
                 	.MACRO __PUTW1SNS
                 	LDD  R26,Y+@0
                 	LDD  R27,Y+@0+1
                 	ADIW R26,@1
                 	ST   X+,R30
                 	ST   X,R31
                 	.ENDM
                 
                 	.MACRO __PUTD1SNS
                 	LDD  R26,Y+@0
                 	LDD  R27,Y+@0+1
                 	ADIW R26,@1
                 	CALL __PUTDP1
                 	.ENDM
                 
                 	.MACRO __PUTB1PMN
                 	LDS  R26,@0
                 	LDS  R27,@0+1
                 	SUBI R26,LOW(-@1)
                 	SBCI R27,HIGH(-@1)
                 	ST   X,R30
                 	.ENDM
                 
                 	.MACRO __PUTW1PMN
                 	LDS  R26,@0
                 	LDS  R27,@0+1
                 	SUBI R26,LOW(-@1)
                 	SBCI R27,HIGH(-@1)
                 	ST   X+,R30
                 	ST   X,R31
                 	.ENDM
                 
                 	.MACRO __PUTD1PMN
                 	LDS  R26,@0
                 	LDS  R27,@0+1
                 	SUBI R26,LOW(-@1)
                 	SBCI R27,HIGH(-@1)
                 	CALL __PUTDP1
                 	.ENDM
                 
                 	.MACRO __PUTB1PMNS
                 	LDS  R26,@0
                 	LDS  R27,@0+1
                 	ADIW R26,@1
                 	ST   X,R30
                 	.ENDM
                 
                 	.MACRO __PUTW1PMNS
                 	LDS  R26,@0
                 	LDS  R27,@0+1
                 	ADIW R26,@1
                 	ST   X+,R30
                 	ST   X,R31
                 	.ENDM
                 
                 	.MACRO __PUTD1PMNS
                 	LDS  R26,@0
                 	LDS  R27,@0+1
                 	ADIW R26,@1
                 	CALL __PUTDP1
                 	.ENDM
                 
                 	.MACRO __PUTB1RN
                 	MOVW R26,R@0
                 	SUBI R26,LOW(-@1)
                 	SBCI R27,HIGH(-@1)
                 	ST   X,R30
                 	.ENDM
                 
                 	.MACRO __PUTW1RN
                 	MOVW R26,R@0
                 	SUBI R26,LOW(-@1)
                 	SBCI R27,HIGH(-@1)
                 	ST   X+,R30
                 	ST   X,R31
                 	.ENDM
                 
                 	.MACRO __PUTD1RN
                 	MOVW R26,R@0
                 	SUBI R26,LOW(-@1)
                 	SBCI R27,HIGH(-@1)
                 	CALL __PUTDP1
                 	.ENDM
                 
                 	.MACRO __PUTB1RNS
                 	MOVW R26,R@0
                 	ADIW R26,@1
                 	ST   X,R30
                 	.ENDM
                 
                 	.MACRO __PUTW1RNS
                 	MOVW R26,R@0
                 	ADIW R26,@1
                 	ST   X+,R30
                 	ST   X,R31
                 	.ENDM
                 
                 	.MACRO __PUTD1RNS
                 	MOVW R26,R@0
                 	ADIW R26,@1
                 	CALL __PUTDP1
                 	.ENDM
                 
                 	.MACRO __PUTB1RON
                 	MOV  R26,R@0
                 	MOV  R27,R@1
                 	SUBI R26,LOW(-@2)
                 	SBCI R27,HIGH(-@2)
                 	ST   X,R30
                 	.ENDM
                 
                 	.MACRO __PUTW1RON
                 	MOV  R26,R@0
                 	MOV  R27,R@1
                 	SUBI R26,LOW(-@2)
                 	SBCI R27,HIGH(-@2)
                 	ST   X+,R30
                 	ST   X,R31
                 	.ENDM
                 
                 	.MACRO __PUTD1RON
                 	MOV  R26,R@0
                 	MOV  R27,R@1
                 	SUBI R26,LOW(-@2)
                 	SBCI R27,HIGH(-@2)
                 	CALL __PUTDP1
                 	.ENDM
                 
                 	.MACRO __PUTB1RONS
                 	MOV  R26,R@0
                 	MOV  R27,R@1
                 	ADIW R26,@2
                 	ST   X,R30
                 	.ENDM
                 
                 	.MACRO __PUTW1RONS
                 	MOV  R26,R@0
                 	MOV  R27,R@1
                 	ADIW R26,@2
                 	ST   X+,R30
                 	ST   X,R31
                 	.ENDM
                 
                 	.MACRO __PUTD1RONS
                 	MOV  R26,R@0
                 	MOV  R27,R@1
                 	ADIW R26,@2
                 	CALL __PUTDP1
                 	.ENDM
                 
                 
                 	.MACRO __GETB1SX
                 	MOVW R30,R28
                 	SUBI R30,LOW(-@0)
                 	SBCI R31,HIGH(-@0)
                 	LD   R30,Z
                 	.ENDM
                 
                 	.MACRO __GETB1HSX
                 	MOVW R30,R28
                 	SUBI R30,LOW(-@0)
                 	SBCI R31,HIGH(-@0)
                 	LD   R31,Z
                 	.ENDM
                 
                 	.MACRO __GETW1SX
                 	MOVW R30,R28
                 	SUBI R30,LOW(-@0)
                 	SBCI R31,HIGH(-@0)
                 	CALL __GETW1Z
                 	.ENDM
                 
                 	.MACRO __GETD1SX
                 	MOVW R30,R28
                 	SUBI R30,LOW(-@0)
                 	SBCI R31,HIGH(-@0)
                 	CALL __GETD1Z
                 	.ENDM
                 
                 	.MACRO __GETB2SX
                 	MOVW R26,R28
                 	SUBI R26,LOW(-@0)
                 	SBCI R27,HIGH(-@0)
                 	LD   R26,X
                 	.ENDM
                 
                 	.MACRO __GETW2SX
                 	MOVW R26,R28
                 	SUBI R26,LOW(-@0)
                 	SBCI R27,HIGH(-@0)
                 	CALL __GETW2X
                 	.ENDM
                 
                 	.MACRO __GETD2SX
                 	MOVW R26,R28
                 	SUBI R26,LOW(-@0)
                 	SBCI R27,HIGH(-@0)
                 	CALL __GETD2X
                 	.ENDM
                 
                 	.MACRO __GETBRSX
                 	MOVW R30,R28
                 	SUBI R30,LOW(-@1)
                 	SBCI R31,HIGH(-@1)
                 	LD   R@0,Z
                 	.ENDM
                 
                 	.MACRO __GETWRSX
                 	MOVW R30,R28
                 	SUBI R30,LOW(-@2)
                 	SBCI R31,HIGH(-@2)
                 	LD   R@0,Z+
                 	LD   R@1,Z
                 	.ENDM
                 
                 	.MACRO __GETBRSX2
                 	MOVW R26,R28
                 	SUBI R26,LOW(-@1)
                 	SBCI R27,HIGH(-@1)
                 	LD   R@0,X
                 	.ENDM
                 
                 	.MACRO __GETWRSX2
                 	MOVW R26,R28
                 	SUBI R26,LOW(-@2)
                 	SBCI R27,HIGH(-@2)
                 	LD   R@0,X+
                 	LD   R@1,X
                 	.ENDM
                 
                 	.MACRO __LSLW8SX
                 	MOVW R30,R28
                 	SUBI R30,LOW(-@0)
                 	SBCI R31,HIGH(-@0)
                 	LD   R31,Z
                 	CLR  R30
                 	.ENDM
                 
                 	.MACRO __PUTB1SX
                 	MOVW R26,R28
                 	SUBI R26,LOW(-@0)
                 	SBCI R27,HIGH(-@0)
                 	ST   X,R30
                 	.ENDM
                 
                 	.MACRO __PUTW1SX
                 	MOVW R26,R28
                 	SUBI R26,LOW(-@0)
                 	SBCI R27,HIGH(-@0)
                 	ST   X+,R30
                 	ST   X,R31
                 	.ENDM
                 
                 	.MACRO __PUTD1SX
                 	MOVW R26,R28
                 	SUBI R26,LOW(-@0)
                 	SBCI R27,HIGH(-@0)
                 	ST   X+,R30
                 	ST   X+,R31
                 	ST   X+,R22
                 	ST   X,R23
                 	.ENDM
                 
                 	.MACRO __CLRW1SX
                 	MOVW R26,R28
                 	SUBI R26,LOW(-@0)
                 	SBCI R27,HIGH(-@0)
                 	ST   X+,R30
                 	ST   X,R30
                 	.ENDM
                 
                 	.MACRO __CLRD1SX
                 	MOVW R26,R28
                 	SUBI R26,LOW(-@0)
                 	SBCI R27,HIGH(-@0)
                 	ST   X+,R30
                 	ST   X+,R30
                 	ST   X+,R30
                 	ST   X,R30
                 	.ENDM
                 
                 	.MACRO __PUTB2SX
                 	MOVW R30,R28
                 	SUBI R30,LOW(-@0)
                 	SBCI R31,HIGH(-@0)
                 	ST   Z,R26
                 	.ENDM
                 
                 	.MACRO __PUTW2SX
                 	MOVW R30,R28
                 	SUBI R30,LOW(-@0)
                 	SBCI R31,HIGH(-@0)
                 	ST   Z+,R26
                 	ST   Z,R27
                 	.ENDM
                 
                 	.MACRO __PUTD2SX
                 	MOVW R30,R28
                 	SUBI R30,LOW(-@0)
                 	SBCI R31,HIGH(-@0)
                 	ST   Z+,R26
                 	ST   Z+,R27
                 	ST   Z+,R24
                 	ST   Z,R25
                 	.ENDM
                 
                 	.MACRO __PUTBSRX
                 	MOVW R30,R28
                 	SUBI R30,LOW(-@1)
                 	SBCI R31,HIGH(-@1)
                 	ST   Z,R@0
                 	.ENDM
                 
                 	.MACRO __PUTWSRX
                 	MOVW R30,R28
                 	SUBI R30,LOW(-@2)
                 	SBCI R31,HIGH(-@2)
                 	ST   Z+,R@0
                 	ST   Z,R@1
                 	.ENDM
                 
                 	.MACRO __PUTB1SNX
                 	MOVW R26,R28
                 	SUBI R26,LOW(-@0)
                 	SBCI R27,HIGH(-@0)
                 	LD   R0,X+
                 	LD   R27,X
                 	MOV  R26,R0
                 	SUBI R26,LOW(-@1)
                 	SBCI R27,HIGH(-@1)
                 	ST   X,R30
                 	.ENDM
                 
                 	.MACRO __PUTW1SNX
                 	MOVW R26,R28
                 	SUBI R26,LOW(-@0)
                 	SBCI R27,HIGH(-@0)
                 	LD   R0,X+
                 	LD   R27,X
                 	MOV  R26,R0
                 	SUBI R26,LOW(-@1)
                 	SBCI R27,HIGH(-@1)
                 	ST   X+,R30
                 	ST   X,R31
                 	.ENDM
                 
                 	.MACRO __PUTD1SNX
                 	MOVW R26,R28
                 	SUBI R26,LOW(-@0)
                 	SBCI R27,HIGH(-@0)
                 	LD   R0,X+
                 	LD   R27,X
                 	MOV  R26,R0
                 	SUBI R26,LOW(-@1)
                 	SBCI R27,HIGH(-@1)
                 	ST   X+,R30
                 	ST   X+,R31
                 	ST   X+,R22
                 	ST   X,R23
                 	.ENDM
                 
                 	.MACRO __MULBRR
                 	MULS R@0,R@1
                 	MOVW R30,R0
                 	.ENDM
                 
                 	.MACRO __MULBRRU
                 	MUL  R@0,R@1
                 	MOVW R30,R0
                 	.ENDM
                 
                 	.MACRO __MULBRR0
                 	MULS R@0,R@1
                 	.ENDM
                 
                 	.MACRO __MULBRRU0
                 	MUL  R@0,R@1
                 	.ENDM
                 
                 	.MACRO __MULBNWRU
                 	LDI  R26,@2
                 	MUL  R26,R@0
                 	MOVW R30,R0
                 	MUL  R26,R@1
                 	ADD  R31,R0
                 	.ENDM
                 
                 ;NAME DEFINITIONS FOR GLOBAL VARIABLES ALLOCATED TO REGISTERS
                 	.DEF _I_RH=R5
                 	.DEF _I_Temp=R4
                 	.DEF _pm25_value=R6
                 	.DEF _pm25_value_msb=R7
                 	.DEF _menu_state=R9
                 	.DEF _time_10ms_cnt=R10
                 	.DEF _time_10ms_cnt_msb=R11
                 	.DEF _time_2s_cnt=R12
                 	.DEF _time_2s_cnt_msb=R13
                 	.DEF _flag_10ms=R8
                 
                 	.CSEG
                 	.ORG 0x00
                 
                 ;START OF CODE MARKER
                 __START_OF_CODE:
                 
                 ;INTERRUPT VECTORS
000000 940c 009d 	JMP  __RESET
000002 940c 0000 	JMP  0x00
000004 940c 0000 	JMP  0x00
000006 940c 0000 	JMP  0x00
000008 940c 0000 	JMP  0x00
00000a 940c 0000 	JMP  0x00
00000c 940c 0000 	JMP  0x00
00000e 940c 0000 	JMP  0x00
000010 940c 0000 	JMP  0x00
000012 940c 00ca 	JMP  _timer0_ovf_isr
000014 940c 0000 	JMP  0x00
000016 940c 00ee 	JMP  _usart_rx_isr
000018 940c 0000 	JMP  0x00
00001a 940c 0000 	JMP  0x00
00001c 940c 0000 	JMP  0x00
00001e 940c 0000 	JMP  0x00
000020 940c 0000 	JMP  0x00
000022 940c 0000 	JMP  0x00
000024 940c 0000 	JMP  0x00
000026 940c 0000 	JMP  0x00
000028 940c 0000 	JMP  0x00
                 
                 _tbl10_G101:
00002a 2710
00002b 03e8
00002c 0064
00002d 000a      	.DB  0x10,0x27,0xE8,0x3,0x64,0x0,0xA,0x0
00002e 0001      	.DB  0x1,0x0
                 _tbl16_G101:
00002f 1000
000030 0100
000031 0010
000032 0001      	.DB  0x0,0x10,0x0,0x1,0x10,0x0,0x1,0x0
                 
                 ;REGISTER BIT VARIABLES INITIALIZATION
                 __REG_BIT_VARS:
000033 0000      	.DW  0x0000
                 
                 ;GLOBAL REGISTER VARIABLES INITIALIZATION
                 __REG_VARS:
000034 0000
000035 0000      	.DB  0x0,0x0,0x0,0x0
000036 0000
000037 0000      	.DB  0x0,0x0,0x0,0x0
000038 0000      	.DB  0x0,0x0
                 
                 _0x0:
000039 2021
00003a 4143
00003b 484e
00003c 4220      	.DB  0x21,0x20,0x43,0x41,0x4E,0x48,0x20,0x42
00003d 4f41
00003e 4120
00003f 204d
000040 2021      	.DB  0x41,0x4F,0x20,0x41,0x4D,0x20,0x21,0x20
000041 2000
000042 4548
000043 5420
000044 4f48      	.DB  0x0,0x20,0x48,0x45,0x20,0x54,0x48,0x4F
000045 474e
000046 5420
000047 5441
000048 2020      	.DB  0x4E,0x47,0x20,0x54,0x41,0x54,0x20,0x20
000049 0020
00004a 3a54
00004b 6425
00004c 6325      	.DB  0x20,0x0,0x54,0x3A,0x25,0x64,0x25,0x63
00004d 2043
00004e 3a48
00004f 6425
000050 2525      	.DB  0x43,0x20,0x48,0x3A,0x25,0x64,0x25,0x25
000051 5b20
000052 6325
000053 205d
000054 5000      	.DB  0x20,0x5B,0x25,0x63,0x5D,0x20,0x0,0x50
000055 3a4d
000056 6425
000057 2020
000058 4f49      	.DB  0x4D,0x3A,0x25,0x64,0x20,0x20,0x49,0x4F
000059 3a4e
00005a 4e4f
00005b 0020
00005c 4d50      	.DB  0x4E,0x3A,0x4F,0x4E,0x20,0x0,0x50,0x4D
00005d 253a
00005e 2064
00005f 4920
000060 4e4f      	.DB  0x3A,0x25,0x64,0x20,0x20,0x49,0x4F,0x4E
000061 4f3a
000062 4646
000063 3e00
000064 4320      	.DB  0x3A,0x4F,0x46,0x46,0x0,0x3E,0x20,0x43
000065 4941
000066 4420
000067 5441
000068 4220      	.DB  0x41,0x49,0x20,0x44,0x41,0x54,0x20,0x42
000069 4955
00006a 3c20
00006b 0020
00006c 674e      	.DB  0x55,0x49,0x20,0x3C,0x20,0x0,0x4E,0x67
00006d 6f75
00006e 676e
00006f 203a
000070 6425      	.DB  0x75,0x6F,0x6E,0x67,0x3A,0x20,0x25,0x64
000071 7520
000072 2f67
000073 336d
000074 3e00      	.DB  0x20,0x75,0x67,0x2F,0x6D,0x33,0x0,0x3E
000075 4320
000076 4941
000077 4420
000078 204f      	.DB  0x20,0x43,0x41,0x49,0x20,0x44,0x4F,0x20
000079 4d41
00007a 2020
00007b 203c
00007c 0020      	.DB  0x41,0x4D,0x20,0x20,0x3C,0x20,0x20,0x0
00007d 674e
00007e 6f75
00007f 676e
000080 203a      	.DB  0x4E,0x67,0x75,0x6F,0x6E,0x67,0x3A,0x20
000081 6425
000082 2520
000083 2025
000084 2020      	.DB  0x25,0x64,0x20,0x25,0x25,0x20,0x20,0x20
D:\DOANVDK2026\ION ÂM-20260315T113149Z-1-001\Code1Doan\Code1Doan\Debug\List\Code1.asm(1159): warning: .cseg .db misalignment - padding zero byte
000085 0000      	.DB  0x0
                 _0x2000003:
000086 c080      	.DB  0x80,0xC0
                 
                 __GLOBAL_INI_TBL:
000087 0001      	.DW  0x01
000088 0002      	.DW  0x02
000089 0066      	.DW  __REG_BIT_VARS*2
                 
00008a 000a      	.DW  0x0A
00008b 0004      	.DW  0x04
00008c 0068      	.DW  __REG_VARS*2
                 
00008d 0011      	.DW  0x11
00008e 0160      	.DW  _0x73
00008f 0072      	.DW  _0x0*2
                 
000090 0011      	.DW  0x11
000091 0171      	.DW  _0x73+17
000092 0083      	.DW  _0x0*2+17
                 
000093 0011      	.DW  0x11
000094 0182      	.DW  _0x73+34
000095 00c7      	.DW  _0x0*2+85
                 
000096 0011      	.DW  0x11
000097 0193      	.DW  _0x73+51
000098 00e9      	.DW  _0x0*2+119
                 
000099 0002      	.DW  0x02
00009a 01bd      	.DW  __base_y_G100
00009b 010c      	.DW  _0x2000003*2
                 
                 _0xFFFFFFFF:
00009c 0000      	.DW  0
                 
                 #define __GLOBAL_INI_TBL_PRESENT 1
                 
                 __RESET:
00009d 94f8      	CLI
00009e 27ee      	CLR  R30
00009f bbec      	OUT  EECR,R30
                 
                 ;INTERRUPT VECTORS ARE PLACED
                 ;AT THE START OF FLASH
0000a0 e0f1      	LDI  R31,1
0000a1 bffb      	OUT  GICR,R31
0000a2 bfeb      	OUT  GICR,R30
0000a3 bfe5      	OUT  MCUCR,R30
                 
                 ;CLEAR R2-R14
0000a4 e08d      	LDI  R24,(14-2)+1
0000a5 e0a2      	LDI  R26,2
0000a6 27bb      	CLR  R27
                 __CLEAR_REG:
0000a7 93ed      	ST   X+,R30
0000a8 958a      	DEC  R24
0000a9 f7e9      	BRNE __CLEAR_REG
                 
                 ;CLEAR SRAM
0000aa e080      	LDI  R24,LOW(__CLEAR_SRAM_SIZE)
0000ab e094      	LDI  R25,HIGH(__CLEAR_SRAM_SIZE)
0000ac e6a0      	LDI  R26,__SRAM_START
                 __CLEAR_SRAM:
0000ad 93ed      	ST   X+,R30
0000ae 9701      	SBIW R24,1
0000af f7e9      	BRNE __CLEAR_SRAM
                 
                 ;GLOBAL VARIABLES INITIALIZATION
0000b0 e0ee      	LDI  R30,LOW(__GLOBAL_INI_TBL*2)
0000b1 e0f1      	LDI  R31,HIGH(__GLOBAL_INI_TBL*2)
                 __GLOBAL_INI_NEXT:
0000b2 9185      	LPM  R24,Z+
0000b3 9195      	LPM  R25,Z+
0000b4 9700      	SBIW R24,0
0000b5 f061      	BREQ __GLOBAL_INI_END
0000b6 91a5      	LPM  R26,Z+
0000b7 91b5      	LPM  R27,Z+
0000b8 9005      	LPM  R0,Z+
0000b9 9015      	LPM  R1,Z+
0000ba 01bf      	MOVW R22,R30
0000bb 01f0      	MOVW R30,R0
                 __GLOBAL_INI_LOOP:
0000bc 9005      	LPM  R0,Z+
0000bd 920d      	ST   X+,R0
0000be 9701      	SBIW R24,1
0000bf f7e1      	BRNE __GLOBAL_INI_LOOP
0000c0 01fb      	MOVW R30,R22
0000c1 cff0      	RJMP __GLOBAL_INI_NEXT
                 __GLOBAL_INI_END:
                 
                 ;HARDWARE STACK POINTER INITIALIZATION
0000c2 e5ef      	LDI  R30,LOW(__SRAM_END-__HEAP_SIZE)
0000c3 bfed      	OUT  SPL,R30
0000c4 e0e4      	LDI  R30,HIGH(__SRAM_END-__HEAP_SIZE)
0000c5 bfee      	OUT  SPH,R30
                 
                 ;DATA STACK POINTER INITIALIZATION
0000c6 e6c0      	LDI  R28,LOW(__SRAM_START+__DSTACK_SIZE)
0000c7 e0d1      	LDI  R29,HIGH(__SRAM_START+__DSTACK_SIZE)
                 
0000c8 940c 02c6 	JMP  _main
                 
                 	.ESEG
                 	.ORG 0x00
                 
                 	.DSEG
                 	.ORG 0x160
                 
                 	.CSEG
                 	#ifndef __SLEEP_DEFINED__
                 	#define __SLEEP_DEFINED__
                 	.EQU __se_bit=0x40
                 	.EQU __sm_mask=0xB0
                 	.EQU __sm_powerdown=0x20
                 	.EQU __sm_powersave=0x30
                 	.EQU __sm_standby=0xA0
                 	.EQU __sm_ext_standby=0xB0
                 	.EQU __sm_adc_noise_red=0x10
                 	.SET power_ctrl_reg=mcucr
                 	#endif
                 ;char hienthi[16];
                 ;unsigned char I_RH = 0;
                 ;unsigned char I_Temp = 0;
                 ;unsigned int pm25_value = 0;
                 ;eeprom unsigned int pm25_limit = 50;
                 ;eeprom unsigned char hum_limit = 80;
                 ;bit sys_mode = 0;
                 ;bit ion_state = 0;
                 ;unsigned char menu_state = 0;
                 ;unsigned int time_10ms_cnt = 0;
                 ;unsigned int time_2s_cnt = 0;
                 ;unsigned char flag_10ms = 0;
                 ;unsigned char flag_2s = 0;
                 ;unsigned char rx_buffer[7];
                 ;unsigned char rx_index = 0;
                 ;interrupt[TIM0_OVF] void timer0_ovf_isr(void)
                 ; 0000 002A {
                 
                 	.CSEG
                 _timer0_ovf_isr:
                 ; .FSTART _timer0_ovf_isr
0000ca 93ea      	ST   -Y,R30
0000cb 93fa      	ST   -Y,R31
0000cc b7ef      	IN   R30,SREG
0000cd 93ea      	ST   -Y,R30
                 ; 0000 002B TCNT0 = 0x83;
0000ce e8e3      	LDI  R30,LOW(131)
0000cf bfe2      	OUT  0x32,R30
                 ; 0000 002C 
                 ; 0000 002D time_10ms_cnt++;
0000d0 01f5      	MOVW R30,R10
0000d1 9631      	ADIW R30,1
0000d2 015f      	MOVW R10,R30
                 ; 0000 002E if (time_10ms_cnt >= 10)
0000d3 e0ea      	LDI  R30,LOW(10)
0000d4 e0f0      	LDI  R31,HIGH(10)
0000d5 16ae      	CP   R10,R30
0000d6 06bf      	CPC  R11,R31
0000d7 f020      	BRLO _0x3
                 ; 0000 002F {
                 ; 0000 0030 time_10ms_cnt = 0;
0000d8 24aa      	CLR  R10
0000d9 24bb      	CLR  R11
                 ; 0000 0031 flag_10ms = 1;
0000da e0e1      	LDI  R30,LOW(1)
0000db 2e8e      	MOV  R8,R30
                 ; 0000 0032 }
                 ; 0000 0033 
                 ; 0000 0034 time_2s_cnt++;
                 _0x3:
0000dc 01f6      	MOVW R30,R12
0000dd 9631      	ADIW R30,1
0000de 016f      	MOVW R12,R30
                 ; 0000 0035 if (time_2s_cnt >= 2000)
0000df ede0      	LDI  R30,LOW(2000)
0000e0 e0f7      	LDI  R31,HIGH(2000)
0000e1 16ce      	CP   R12,R30
0000e2 06df      	CPC  R13,R31
0000e3 f028      	BRLO _0x4
                 ; 0000 0036 {
                 ; 0000 0037 time_2s_cnt = 0;
0000e4 24cc      	CLR  R12
0000e5 24dd      	CLR  R13
                 ; 0000 0038 flag_2s = 1;
0000e6 e0e1      	LDI  R30,LOW(1)
0000e7 93e0 01b4 	STS  _flag_2s,R30
                 ; 0000 0039 }
                 ; 0000 003A }
                 _0x4:
0000e9 91e9      	LD   R30,Y+
0000ea bfef      	OUT  SREG,R30
0000eb 91f9      	LD   R31,Y+
0000ec 91e9      	LD   R30,Y+
0000ed 9518      	RETI
                 ; .FEND
                 ;interrupt[USART_RXC] void usart_rx_isr(void)
                 ; 0000 003D {
                 _usart_rx_isr:
                 ; .FSTART _usart_rx_isr
0000ee 93aa      	ST   -Y,R26
0000ef 93ba      	ST   -Y,R27
0000f0 93ea      	ST   -Y,R30
0000f1 93fa      	ST   -Y,R31
0000f2 b7ef      	IN   R30,SREG
0000f3 93ea      	ST   -Y,R30
                 ; 0000 003E unsigned char status;
                 ; 0000 003F unsigned char data;
                 ; 0000 0040 
                 ; 0000 0041 status = UCSRA;
0000f4 931a      	ST   -Y,R17
0000f5 930a      	ST   -Y,R16
                 ;	status -> R17
                 ;	data -> R16
0000f6 b11b      	IN   R17,11
                 ; 0000 0042 data = UDR;
0000f7 b10c      	IN   R16,12
                 ; 0000 0043 
                 ; 0000 0044 if ((status & (FRAMING_ERROR | PARITY_ERROR | DATA_OVERRUN)) == 0)
0000f8 2fe1      	MOV  R30,R17
0000f9 71ec      	ANDI R30,LOW(0x1C)
0000fa f571      	BRNE _0x5
                 ; 0000 0045 {
                 ; 0000 0046 if (rx_index == 0 && data != 0xFE)
0000fb 91a0 01bc 	LDS  R26,_rx_index
0000fd 30a0      	CPI  R26,LOW(0x0)
0000fe f411      	BRNE _0x7
0000ff 3f0e      	CPI  R16,254
000100 f409      	BRNE _0x8
                 _0x7:
000101 c001      	RJMP _0x6
                 _0x8:
                 ; 0000 0047 return;
000102 c026      	RJMP _0x89
                 ; 0000 0048 if (rx_index == 1 && data != 0xA5)
                 _0x6:
000103 91a0 01bc 	LDS  R26,_rx_index
000105 30a1      	CPI  R26,LOW(0x1)
000106 f411      	BRNE _0xA
000107 3a05      	CPI  R16,165
000108 f409      	BRNE _0xB
                 _0xA:
000109 c004      	RJMP _0x9
                 _0xB:
                 ; 0000 0049 {
                 ; 0000 004A rx_index = 0;
00010a e0e0      	LDI  R30,LOW(0)
00010b 93e0 01bc 	STS  _rx_index,R30
                 ; 0000 004B return;
00010d c01b      	RJMP _0x89
                 ; 0000 004C }
                 ; 0000 004D 
                 ; 0000 004E rx_buffer[rx_index] = data;
                 _0x9:
00010e 91e0 01bc 	LDS  R30,_rx_index
000110 e0f0      	LDI  R31,0
000111 54eb      	SUBI R30,LOW(-_rx_buffer)
000112 4ffe      	SBCI R31,HIGH(-_rx_buffer)
000113 8300      	ST   Z,R16
                 ; 0000 004F rx_index++;
000114 91e0 01bc 	LDS  R30,_rx_index
000116 5fef      	SUBI R30,-LOW(1)
000117 93e0 01bc 	STS  _rx_index,R30
                 ; 0000 0050 
                 ; 0000 0051 if (rx_index >= 7)
000119 91a0 01bc 	LDS  R26,_rx_index
00011b 30a7      	CPI  R26,LOW(0x7)
00011c f060      	BRLO _0xC
                 ; 0000 0052 {
                 ; 0000 0053 pm25_value = (rx_buffer[4] << 8) | rx_buffer[5];
                +
00011d 91b0 01b9+LDS R27 , _rx_buffer + ( 4 )
                 	__GETBRMN 27,_rx_buffer,4
00011f e0a0      	LDI  R26,LOW(0)
                +
000120 91e0 01ba+LDS R30 , _rx_buffer + ( 5 )
                 	__GETB1MN _rx_buffer,5
000122 e0f0      	LDI  R31,0
000123 2bea      	OR   R30,R26
000124 2bfb      	OR   R31,R27
000125 013f      	MOVW R6,R30
                 ; 0000 0054 rx_index = 0;
000126 e0e0      	LDI  R30,LOW(0)
000127 93e0 01bc 	STS  _rx_index,R30
                 ; 0000 0055 }
                 ; 0000 0056 }
                 _0xC:
                 ; 0000 0057 }
                 _0x5:
                 _0x89:
000129 9109      	LD   R16,Y+
00012a 9119      	LD   R17,Y+
00012b 91e9      	LD   R30,Y+
00012c bfef      	OUT  SREG,R30
00012d 91f9      	LD   R31,Y+
00012e 91e9      	LD   R30,Y+
00012f 91b9      	LD   R27,Y+
000130 91a9      	LD   R26,Y+
000131 9518      	RETI
                 ; .FEND
                 ;void DHT_Start(void)
                 ; 0000 005A {
                 _DHT_Start:
                 ; .FSTART _DHT_Start
                 ; 0000 005B DHT_DDR = 1;
000132 9a8f      	SBI  0x11,7
                 ; 0000 005C DHT_PORT = 0;
000133 9897      	CBI  0x12,7
                 ; 0000 005D delay_ms(20);
000134 940e 057c 	CALL SUBOPT_0x0
                 ; 0000 005E DHT_DDR = 0;
000136 988f      	CBI  0x11,7
                 ; 0000 005F DHT_PORT = 1;
000137 9a97      	SBI  0x12,7
                 ; 0000 0060 }
000138 9508      	RET
                 ; .FEND
                 ;unsigned char DHT_CheckResponse(void)
                 ; 0000 0062 {
                 _DHT_CheckResponse:
                 ; .FSTART _DHT_CheckResponse
                 ; 0000 0063 unsigned int timeout = 0;
                 ; 0000 0064 delay_us(40);
000139 931a      	ST   -Y,R17
00013a 930a      	ST   -Y,R16
                 ;	timeout -> R16,R17
                +
00013b e000     +LDI R16 , LOW ( 0 )
00013c e010     +LDI R17 , HIGH ( 0 )
                 	__GETWRN 16,17,0
                +
00013d e68b     +LDI R24 , LOW ( 107 )
                +__DELAY_USB_LOOP :
00013e 958a     +DEC R24
00013f f7f1     +BRNE __DELAY_USB_LOOP
                 	__DELAY_USB 107
                 ; 0000 0065 if (DHT_PIN == 0)
000140 9987      	SBIC 0x10,7
000141 c012      	RJMP _0x15
                 ; 0000 0066 {
                 ; 0000 0067 timeout = 0;
                +
000142 e000     +LDI R16 , LOW ( 0 )
000143 e010     +LDI R17 , HIGH ( 0 )
                 	__GETWRN 16,17,0
                 ; 0000 0068 while (DHT_PIN == 0)
                 _0x16:
000144 9987      	SBIC 0x10,7
000145 c004      	RJMP _0x18
                 ; 0000 0069 {
                 ; 0000 006A if (++timeout > 1000)
000146 940e 0580 	CALL SUBOPT_0x1
000148 f458      	BRSH _0x2080004
                 ; 0000 006B return 0;
                 ; 0000 006C }
000149 cffa      	RJMP _0x16
                 _0x18:
                 ; 0000 006D timeout = 0;
                +
00014a e000     +LDI R16 , LOW ( 0 )
00014b e010     +LDI R17 , HIGH ( 0 )
                 	__GETWRN 16,17,0
                 ; 0000 006E while (DHT_PIN == 1)
                 _0x1A:
00014c 9b87      	SBIS 0x10,7
00014d c004      	RJMP _0x1C
                 ; 0000 006F {
                 ; 0000 0070 if (++timeout > 1000)
00014e 940e 0580 	CALL SUBOPT_0x1
000150 f418      	BRSH _0x2080004
                 ; 0000 0071 return 0;
                 ; 0000 0072 }
000151 cffa      	RJMP _0x1A
                 _0x1C:
                 ; 0000 0073 return 1;
000152 e0e1      	LDI  R30,LOW(1)
000153 c001      	RJMP _0x2080003
                 ; 0000 0074 }
                 ; 0000 0075 return 0;
                 _0x15:
                 _0x2080004:
000154 e0e0      	LDI  R30,LOW(0)
                 _0x2080003:
000155 9109      	LD   R16,Y+
000156 9119      	LD   R17,Y+
000157 9508      	RET
                 ; 0000 0076 }
                 ; .FEND
                 ;unsigned char DHT_ReadByte(void)
                 ; 0000 0078 {
                 _DHT_ReadByte:
                 ; .FSTART _DHT_ReadByte
                 ; 0000 0079 unsigned char i;
                 ; 0000 007A unsigned char data = 0;
                 ; 0000 007B unsigned int timeout;
                 ; 0000 007C for (i = 0; i < 8; i++)
000158 940e 05da 	CALL __SAVELOCR4
                 ;	i -> R17
                 ;	data -> R16
                 ;	timeout -> R18,R19
00015a e000      	LDI  R16,0
00015b e010      	LDI  R17,LOW(0)
                 _0x1F:
00015c 3018      	CPI  R17,8
00015d f4d8      	BRSH _0x20
                 ; 0000 007D {
                 ; 0000 007E timeout = 0;
                +
00015e e020     +LDI R18 , LOW ( 0 )
00015f e030     +LDI R19 , HIGH ( 0 )
                 	__GETWRN 18,19,0
                 ; 0000 007F while (DHT_PIN == 0)
                 _0x21:
000160 9987      	SBIC 0x10,7
000161 c003      	RJMP _0x23
                 ; 0000 0080 {
                 ; 0000 0081 if (++timeout > 1000)
000162 940e 0587 	CALL SUBOPT_0x2
000164 f3d8      	BRLO _0x21
                 ; 0000 0082 break;
                 ; 0000 0083 }
                 _0x23:
                 ; 0000 0084 delay_us(30);
                +
000165 e580     +LDI R24 , LOW ( 80 )
                +__DELAY_USB_LOOP :
000166 958a     +DEC R24
000167 f7f1     +BRNE __DELAY_USB_LOOP
                 	__DELAY_USB 80
                 ; 0000 0085 if (DHT_PIN == 1)
000168 9b87      	SBIS 0x10,7
000169 c00c      	RJMP _0x25
                 ; 0000 0086 {
                 ; 0000 0087 data = (data << 1) | 1;
00016a 2fe0      	MOV  R30,R16
00016b 0fee      	LSL  R30
00016c 60e1      	ORI  R30,1
00016d 2f0e      	MOV  R16,R30
                 ; 0000 0088 timeout = 0;
                +
00016e e020     +LDI R18 , LOW ( 0 )
00016f e030     +LDI R19 , HIGH ( 0 )
                 	__GETWRN 18,19,0
                 ; 0000 0089 while (DHT_PIN == 1)
                 _0x26:
000170 9b87      	SBIS 0x10,7
000171 c003      	RJMP _0x28
                 ; 0000 008A {
                 ; 0000 008B if (++timeout > 1000)
000172 940e 0587 	CALL SUBOPT_0x2
000174 f3d8      	BRLO _0x26
                 ; 0000 008C break;
                 ; 0000 008D }
                 _0x28:
                 ; 0000 008E }
                 ; 0000 008F else
000175 c001      	RJMP _0x2A
                 _0x25:
                 ; 0000 0090 {
                 ; 0000 0091 data = (data << 1);
000176 0f00      	LSL  R16
                 ; 0000 0092 }
                 _0x2A:
                 ; 0000 0093 }
000177 5f1f      	SUBI R17,-1
000178 cfe3      	RJMP _0x1F
                 _0x20:
                 ; 0000 0094 return data;
000179 2fe0      	MOV  R30,R16
00017a 940e 05e1 	CALL __LOADLOCR4
00017c 9624      	ADIW R28,4
00017d 9508      	RET
                 ; 0000 0095 }
                 ; .FEND
                 ;void Doc_DHT11(void)
                 ; 0000 0098 {
                 _Doc_DHT11:
                 ; .FSTART _Doc_DHT11
                 ; 0000 0099 #asm("cli")
00017e 94f8      	CLI
                 ; 0000 009A DHT_Start();
00017f dfb2      	RCALL _DHT_Start
                 ; 0000 009B if (DHT_CheckResponse() == 1)
000180 dfb8      	RCALL _DHT_CheckResponse
000181 30e1      	CPI  R30,LOW(0x1)
000182 f439      	BRNE _0x2B
                 ; 0000 009C {
                 ; 0000 009D I_RH = DHT_ReadByte();
000183 dfd4      	RCALL _DHT_ReadByte
000184 2e5e      	MOV  R5,R30
                 ; 0000 009E DHT_ReadByte();
000185 dfd2      	RCALL _DHT_ReadByte
                 ; 0000 009F I_Temp = DHT_ReadByte();
000186 dfd1      	RCALL _DHT_ReadByte
000187 2e4e      	MOV  R4,R30
                 ; 0000 00A0 DHT_ReadByte();
000188 dfcf      	RCALL _DHT_ReadByte
                 ; 0000 00A1 DHT_ReadByte();
000189 dfce      	RCALL _DHT_ReadByte
                 ; 0000 00A2 }
                 ; 0000 00A3 #asm("sei")
                 _0x2B:
00018a 9478      	SEI
                 ; 0000 00A4 }
00018b 9508      	RET
                 ; .FEND
                 ;void YeuCau_Doc_PM25(void)
                 ; 0000 00A7 {
                 _YeuCau_Doc_PM25:
                 ; .FSTART _YeuCau_Doc_PM25
                 ; 0000 00A8 rx_index = 0;
00018c e0e0      	LDI  R30,LOW(0)
00018d 93e0 01bc 	STS  _rx_index,R30
                 ; 0000 00A9 while (!(UCSRA & (1 << UDRE)))
                 _0x2C:
00018f 9b5d      	SBIS 0xB,5
                 ; 0000 00AA ;
000190 cffe      	RJMP _0x2C
                 ; 0000 00AB UDR = 0xFE;
000191 efee      	LDI  R30,LOW(254)
000192 b9ec      	OUT  0xC,R30
                 ; 0000 00AC while (!(UCSRA & (1 << UDRE)))
                 _0x2F:
000193 9b5d      	SBIS 0xB,5
                 ; 0000 00AD ;
000194 cffe      	RJMP _0x2F
                 ; 0000 00AE UDR = 0xA5;
000195 eae5      	LDI  R30,LOW(165)
000196 b9ec      	OUT  0xC,R30
                 ; 0000 00AF while (!(UCSRA & (1 << UDRE)))
                 _0x32:
000197 9b5d      	SBIS 0xB,5
                 ; 0000 00B0 ;
000198 cffe      	RJMP _0x32
                 ; 0000 00B1 UDR = 0x00;
000199 e0e0      	LDI  R30,LOW(0)
00019a b9ec      	OUT  0xC,R30
                 ; 0000 00B2 while (!(UCSRA & (1 << UDRE)))
                 _0x35:
00019b 9b5d      	SBIS 0xB,5
                 ; 0000 00B3 ;
00019c cffe      	RJMP _0x35
                 ; 0000 00B4 UDR = 0x00;
00019d e0e0      	LDI  R30,LOW(0)
00019e b9ec      	OUT  0xC,R30
                 ; 0000 00B5 while (!(UCSRA & (1 << UDRE)))
                 _0x38:
00019f 9b5d      	SBIS 0xB,5
                 ; 0000 00B6 ;
0001a0 cffe      	RJMP _0x38
                 ; 0000 00B7 UDR = 0xA5;
0001a1 eae5      	LDI  R30,LOW(165)
0001a2 b9ec      	OUT  0xC,R30
                 ; 0000 00B8 }
0001a3 9508      	RET
                 ; .FEND
                 ;void Quet_NutBam(void)
                 ; 0000 00BB {
                 _Quet_NutBam:
                 ; .FSTART _Quet_NutBam
                 ; 0000 00BC if (BT1 == 0)
0001a4 9998      	SBIC 0x13,0
0001a5 c00c      	RJMP _0x3B
                 ; 0000 00BD {
                 ; 0000 00BE delay_ms(20);
0001a6 940e 057c 	CALL SUBOPT_0x0
                 ; 0000 00BF if (BT1 == 0)
0001a8 9998      	SBIC 0x13,0
0001a9 c008      	RJMP _0x3C
                 ; 0000 00C0 {
                 ; 0000 00C1 while (BT1 == 0)
                 _0x3D:
0001aa 9b98      	SBIS 0x13,0
                 ; 0000 00C2 ;
0001ab cffe      	RJMP _0x3D
                 ; 0000 00C3 menu_state++;
0001ac 9493      	INC  R9
                 ; 0000 00C4 if (menu_state > 2)
0001ad e0e2      	LDI  R30,LOW(2)
0001ae 15e9      	CP   R30,R9
0001af f408      	BRSH _0x40
                 ; 0000 00C5 menu_state = 0;
0001b0 2499      	CLR  R9
                 ; 0000 00C6 lcd_clear();
                 _0x40:
0001b1 d18c      	RCALL _lcd_clear
                 ; 0000 00C7 }
                 ; 0000 00C8 }
                 _0x3C:
                 ; 0000 00C9 if (BT4 == 0)
                 _0x3B:
0001b2 999b      	SBIC 0x13,3
0001b3 c00a      	RJMP _0x41
                 ; 0000 00CA {
                 ; 0000 00CB delay_ms(20);
0001b4 940e 057c 	CALL SUBOPT_0x0
                 ; 0000 00CC if (BT4 == 0)
0001b6 999b      	SBIC 0x13,3
0001b7 c006      	RJMP _0x42
                 ; 0000 00CD {
                 ; 0000 00CE while (BT4 == 0)
                 _0x43:
0001b8 9b9b      	SBIS 0x13,3
                 ; 0000 00CF ;
0001b9 cffe      	RJMP _0x43
                 ; 0000 00D0 if (menu_state == 0)
0001ba 2099      	TST  R9
0001bb f411      	BRNE _0x46
                 ; 0000 00D1 sys_mode = !sys_mode;
0001bc e0e1      	LDI  R30,LOW(1)
0001bd 262e      	EOR  R2,R30
                 ; 0000 00D2 }
                 _0x46:
                 ; 0000 00D3 }
                 _0x42:
                 ; 0000 00D4 
                 ; 0000 00D5 if (BT2 == 0)
                 _0x41:
0001be 9999      	SBIC 0x13,1
0001bf c027      	RJMP _0x47
                 ; 0000 00D6 {
                 ; 0000 00D7 delay_ms(20);
0001c0 940e 057c 	CALL SUBOPT_0x0
                 ; 0000 00D8 if (BT2 == 0)
0001c2 9999      	SBIC 0x13,1
0001c3 c023      	RJMP _0x48
                 ; 0000 00D9 {
                 ; 0000 00DA if (menu_state == 1)
0001c4 e0e1      	LDI  R30,LOW(1)
0001c5 15e9      	CP   R30,R9
0001c6 f441      	BRNE _0x49
                 ; 0000 00DB pm25_limit += 5;
0001c7 940e 058e 	CALL SUBOPT_0x3
0001c9 9635      	ADIW R30,5
0001ca e0a0      	LDI  R26,LOW(_pm25_limit)
0001cb e0b0      	LDI  R27,HIGH(_pm25_limit)
0001cc 940e 060b 	CALL __EEPROMWRW
                 ; 0000 00DC else if (menu_state == 2)
0001ce c014      	RJMP _0x4A
                 _0x49:
0001cf e0e2      	LDI  R30,LOW(2)
0001d0 15e9      	CP   R30,R9
0001d1 f451      	BRNE _0x4B
                 ; 0000 00DD {
                 ; 0000 00DE if (hum_limit < 100)
0001d2 940e 0593 	CALL SUBOPT_0x4
0001d4 36e4      	CPI  R30,LOW(0x64)
0001d5 f428      	BRSH _0x4C
                 ; 0000 00DF hum_limit++;
0001d6 940e 0593 	CALL SUBOPT_0x4
0001d8 5fef      	SUBI R30,-LOW(1)
0001d9 940e 0613 	CALL __EEPROMWRB
                 ; 0000 00E0 }
                 _0x4C:
                 ; 0000 00E1 else if (menu_state == 0 && sys_mode == 1)
0001db c007      	RJMP _0x4D
                 _0x4B:
0001dc 2099      	TST  R9
0001dd f411      	BRNE _0x4F
0001de fc20      	SBRC R2,0
0001df c001      	RJMP _0x50
                 _0x4F:
0001e0 c002      	RJMP _0x4E
                 _0x50:
                 ; 0000 00E2 ion_state = 1;
0001e1 9468      	SET
0001e2 f821      	BLD  R2,1
                 ; 0000 00E3 delay_ms(150);
                 _0x4E:
                 _0x4D:
                 _0x4A:
0001e3 e9a6      	LDI  R26,LOW(150)
0001e4 e0b0      	LDI  R27,0
0001e5 940e 0624 	CALL _delay_ms
                 ; 0000 00E4 }
                 ; 0000 00E5 }
                 _0x48:
                 ; 0000 00E6 
                 ; 0000 00E7 if (BT3 == 0)
                 _0x47:
0001e7 999a      	SBIC 0x13,2
0001e8 c034      	RJMP _0x51
                 ; 0000 00E8 {
                 ; 0000 00E9 delay_ms(20);
0001e9 940e 057c 	CALL SUBOPT_0x0
                 ; 0000 00EA if (BT3 == 0)
0001eb 999a      	SBIC 0x13,2
0001ec c030      	RJMP _0x52
                 ; 0000 00EB {
                 ; 0000 00EC if (menu_state == 1)
0001ed e0e1      	LDI  R30,LOW(1)
0001ee 15e9      	CP   R30,R9
0001ef f489      	BRNE _0x53
                 ; 0000 00ED {
                 ; 0000 00EE if (pm25_limit >= 5)
0001f0 940e 058e 	CALL SUBOPT_0x3
0001f2 9735      	SBIW R30,5
0001f3 f030      	BRLO _0x54
                 ; 0000 00EF pm25_limit -= 5;
0001f4 940e 058e 	CALL SUBOPT_0x3
0001f6 9735      	SBIW R30,5
0001f7 e0a0      	LDI  R26,LOW(_pm25_limit)
0001f8 e0b0      	LDI  R27,HIGH(_pm25_limit)
0001f9 c004      	RJMP _0x84
                 ; 0000 00F0 else pm25_limit = 5;
                 _0x54:
0001fa e0a0      	LDI  R26,LOW(_pm25_limit)
0001fb e0b0      	LDI  R27,HIGH(_pm25_limit)
0001fc e0e5      	LDI  R30,LOW(5)
0001fd e0f0      	LDI  R31,HIGH(5)
                 _0x84:
0001fe 940e 060b 	CALL __EEPROMWRW
                 ; 0000 00F1 }
                 ; 0000 00F2 else if (menu_state == 2)
000200 c018      	RJMP _0x56
                 _0x53:
000201 e0e2      	LDI  R30,LOW(2)
000202 15e9      	CP   R30,R9
000203 f471      	BRNE _0x57
                 ; 0000 00F3 {
                 ; 0000 00F4 if (hum_limit >= 1)
000204 940e 0593 	CALL SUBOPT_0x4
000206 30e1      	CPI  R30,LOW(0x1)
000207 f020      	BRLO _0x58
                 ; 0000 00F5 hum_limit--;
000208 940e 0593 	CALL SUBOPT_0x4
00020a 50e1      	SUBI R30,LOW(1)
00020b c003      	RJMP _0x85
                 ; 0000 00F6 else hum_limit = 0;
                 _0x58:
00020c e0a2      	LDI  R26,LOW(_hum_limit)
00020d e0b0      	LDI  R27,HIGH(_hum_limit)
00020e e0e0      	LDI  R30,LOW(0)
                 _0x85:
00020f 940e 0613 	CALL __EEPROMWRB
                 ; 0000 00F7 }
                 ; 0000 00F8 else if (menu_state == 0 && sys_mode == 1)
000211 c007      	RJMP _0x5A
                 _0x57:
000212 2099      	TST  R9
000213 f411      	BRNE _0x5C
000214 fc20      	SBRC R2,0
000215 c001      	RJMP _0x5D
                 _0x5C:
000216 c002      	RJMP _0x5B
                 _0x5D:
                 ; 0000 00F9 ion_state = 0;
000217 94e8      	CLT
000218 f821      	BLD  R2,1
                 ; 0000 00FA delay_ms(150);
                 _0x5B:
                 _0x5A:
                 _0x56:
000219 e9a6      	LDI  R26,LOW(150)
00021a e0b0      	LDI  R27,0
00021b 940e 0624 	CALL _delay_ms
                 ; 0000 00FB }
                 ; 0000 00FC }
                 _0x52:
                 ; 0000 00FD }
                 _0x51:
00021d 9508      	RET
                 ; .FEND
                 ;void XuLy_Logic(void)
                 ; 0000 0100 {
                 _XuLy_Logic:
                 ; .FSTART _XuLy_Logic
                 ; 0000 0101 if (I_RH >= hum_limit && I_RH <= 100)
00021e 940e 0593 	CALL SUBOPT_0x4
000220 165e      	CP   R5,R30
000221 f018      	BRLO _0x5F
000222 e6e4      	LDI  R30,LOW(100)
000223 15e5      	CP   R30,R5
000224 f408      	BRSH _0x60
                 _0x5F:
000225 c004      	RJMP _0x5E
                 _0x60:
                 ; 0000 0102 {
                 ; 0000 0103 IONAM = 0;
000226 98d8      	CBI  0x1B,0
                 ; 0000 0104 ion_state = 0;
000227 94e8      	CLT
000228 f821      	BLD  R2,1
                 ; 0000 0105 }
                 ; 0000 0106 else
000229 c016      	RJMP _0x63
                 _0x5E:
                 ; 0000 0107 {
                 ; 0000 0108 if (sys_mode == 0)
00022a fc20      	SBRC R2,0
00022b c00f      	RJMP _0x64
                 ; 0000 0109 {
                 ; 0000 010A if (pm25_value >= pm25_limit)
00022c 940e 058e 	CALL SUBOPT_0x3
00022e 166e      	CP   R6,R30
00022f 067f      	CPC  R7,R31
000230 f010      	BRLO _0x65
                 ; 0000 010B IONAM = 1;
000231 9ad8      	SBI  0x1B,0
                 ; 0000 010C else if (pm25_value < pm25_limit - 5)
000232 c007      	RJMP _0x68
                 _0x65:
000233 940e 058e 	CALL SUBOPT_0x3
000235 9735      	SBIW R30,5
000236 166e      	CP   R6,R30
000237 067f      	CPC  R7,R31
000238 f408      	BRSH _0x69
                 ; 0000 010D IONAM = 0;
000239 98d8      	CBI  0x1B,0
                 ; 0000 010E }
                 _0x69:
                 _0x68:
                 ; 0000 010F else
00023a c005      	RJMP _0x6C
                 _0x64:
                 ; 0000 0110 IONAM = ion_state;
00023b fc21      	SBRC R2,1
00023c c002      	RJMP _0x6D
00023d 98d8      	CBI  0x1B,0
00023e c001      	RJMP _0x6E
                 _0x6D:
00023f 9ad8      	SBI  0x1B,0
                 _0x6E:
                 ; 0000 0111 }
                 _0x6C:
                 _0x63:
                 ; 0000 0112 }
000240 9508      	RET
                 ; .FEND
                 ;void HienThi_LCD(void)
                 ; 0000 0115 {
                 _HienThi_LCD:
                 ; .FSTART _HienThi_LCD
                 ; 0000 0116 if (menu_state == 0)
000241 2099      	TST  R9
000242 f009      	BREQ PC+2
000243 c050      	RJMP _0x6F
                 ; 0000 0117 {
                 ; 0000 0118 if (I_RH >= hum_limit && I_RH <= 100)
000244 940e 0593 	CALL SUBOPT_0x4
000246 165e      	CP   R5,R30
000247 f018      	BRLO _0x71
000248 e6e4      	LDI  R30,LOW(100)
000249 15e5      	CP   R30,R5
00024a f408      	BRSH _0x72
                 _0x71:
00024b c00a      	RJMP _0x70
                 _0x72:
                 ; 0000 0119 {
                 ; 0000 011A lcd_gotoxy(0, 0);
00024c 940e 0598 	CALL SUBOPT_0x5
                 ; 0000 011B lcd_puts("! CANH BAO AM ! ");
                +
00024e e6a0     +LDI R26 , LOW ( _0x73 + ( 0 ) )
00024f e0b1     +LDI R27 , HIGH ( _0x73 + ( 0 ) )
                 	__POINTW2MN _0x73,0
000250 d11b      	RCALL _lcd_puts
                 ; 0000 011C lcd_gotoxy(0, 1);
000251 940e 059d 	CALL SUBOPT_0x6
                 ; 0000 011D lcd_puts(" HE THONG TAT   ");
                +
000253 e7a1     +LDI R26 , LOW ( _0x73 + ( 17 ) )
000254 e0b1     +LDI R27 , HIGH ( _0x73 + ( 17 ) )
                 	__POINTW2MN _0x73,17
000255 c03c      	RJMP _0x86
                 ; 0000 011E }
                 ; 0000 011F else
                 _0x70:
                 ; 0000 0120 {
                 ; 0000 0121 sprintf(hienthi, "T:%d%cC H:%d%% [%c] ", I_Temp, 0xdf, I_RH, (sys_mode == 0 ? 'A ...
000256 940e 05a2 	CALL SUBOPT_0x7
                +
000258 e9e4     +LDI R30 , LOW ( 2 * _0x0 + ( 34 ) )
000259 e0f0     +LDI R31 , HIGH ( 2 * _0x0 + ( 34 ) )
                 	__POINTW1FN _0x0,34
00025a 93fa      	ST   -Y,R31
00025b 93ea      	ST   -Y,R30
00025c 2de4      	MOV  R30,R4
00025d 940e 05a7 	CALL SUBOPT_0x8
                +
00025f edef     +LDI R30 , LOW ( 0xDF )
000260 e0f0     +LDI R31 , HIGH ( 0xDF )
000261 e060     +LDI R22 , BYTE3 ( 0xDF )
000262 e070     +LDI R23 , BYTE4 ( 0xDF )
                 	__GETD1N 0xDF
000263 940e 05f6 	CALL __PUTPARD1
000265 2de5      	MOV  R30,R5
000266 940e 05a7 	CALL SUBOPT_0x8
000268 fc20      	SBRC R2,0
000269 c002      	RJMP _0x75
00026a e4e1      	LDI  R30,LOW(65)
00026b c001      	RJMP _0x76
                 _0x75:
00026c e4ed      	LDI  R30,LOW(77)
                 _0x76:
00026d 940e 05a7 	CALL SUBOPT_0x8
00026f e180      	LDI  R24,16
000270 940e 0527 	CALL _sprintf
000272 9664      	ADIW R28,20
                 ; 0000 0122 lcd_gotoxy(0, 0);
000273 940e 0598 	CALL SUBOPT_0x5
                 ; 0000 0123 lcd_puts(hienthi);
000275 eaa4      	LDI  R26,LOW(_hienthi)
000276 e0b1      	LDI  R27,HIGH(_hienthi)
000277 d0f4      	RCALL _lcd_puts
                 ; 0000 0124 
                 ; 0000 0125 if (IONAM == 1)
000278 9bd8      	SBIS 0x1B,0
000279 c005      	RJMP _0x78
                 ; 0000 0126 {
                 ; 0000 0127 sprintf(hienthi, "PM:%d  ION:ON ", pm25_value);
00027a 940e 05a2 	CALL SUBOPT_0x7
                +
00027c eae9     +LDI R30 , LOW ( 2 * _0x0 + ( 55 ) )
00027d e0f0     +LDI R31 , HIGH ( 2 * _0x0 + ( 55 ) )
                 	__POINTW1FN _0x0,55
00027e c004      	RJMP _0x87
                 ; 0000 0128 }
                 ; 0000 0129 else
                 _0x78:
                 ; 0000 012A {
                 ; 0000 012B sprintf(hienthi, "PM:%d  ION:OFF", pm25_value);
00027f 940e 05a2 	CALL SUBOPT_0x7
                +
000281 ebe8     +LDI R30 , LOW ( 2 * _0x0 + ( 70 ) )
000282 e0f0     +LDI R31 , HIGH ( 2 * _0x0 + ( 70 ) )
                 	__POINTW1FN _0x0,70
                 _0x87:
000283 93fa      	ST   -Y,R31
000284 93ea      	ST   -Y,R30
000285 01f3      	MOVW R30,R6
000286 2766      	CLR  R22
000287 2777      	CLR  R23
000288 940e 05f6 	CALL __PUTPARD1
00028a e084      	LDI  R24,4
00028b 940e 0527 	CALL _sprintf
00028d 9628      	ADIW R28,8
                 ; 0000 012C }
                 ; 0000 012D lcd_gotoxy(0, 1);
00028e 940e 059d 	CALL SUBOPT_0x6
                 ; 0000 012E lcd_puts(hienthi);
000290 eaa4      	LDI  R26,LOW(_hienthi)
000291 e0b1      	LDI  R27,HIGH(_hienthi)
                 _0x86:
000292 d0d9      	RCALL _lcd_puts
                 ; 0000 012F }
                 ; 0000 0130 }
                 ; 0000 0131 else if (menu_state == 1)
000293 c031      	RJMP _0x7A
                 _0x6F:
000294 e0e1      	LDI  R30,LOW(1)
000295 15e9      	CP   R30,R9
000296 f481      	BRNE _0x7B
                 ; 0000 0132 {
                 ; 0000 0133 lcd_gotoxy(0, 0);
000297 940e 0598 	CALL SUBOPT_0x5
                 ; 0000 0134 lcd_puts("> CAI DAT BUI < ");
                +
000299 e8a2     +LDI R26 , LOW ( _0x73 + ( 34 ) )
00029a e0b1     +LDI R27 , HIGH ( _0x73 + ( 34 ) )
                 	__POINTW2MN _0x73,34
00029b d0d0      	RCALL _lcd_puts
                 ; 0000 0135 sprintf(hienthi, "Nguong: %d ug/m3", pm25_limit);
00029c 940e 05a2 	CALL SUBOPT_0x7
                +
00029e ede8     +LDI R30 , LOW ( 2 * _0x0 + ( 102 ) )
00029f e0f0     +LDI R31 , HIGH ( 2 * _0x0 + ( 102 ) )
                 	__POINTW1FN _0x0,102
0002a0 93fa      	ST   -Y,R31
0002a1 93ea      	ST   -Y,R30
0002a2 940e 058e 	CALL SUBOPT_0x3
0002a4 2766      	CLR  R22
0002a5 2777      	CLR  R23
0002a6 c013      	RJMP _0x88
                 ; 0000 0136 lcd_gotoxy(0, 1);
                 ; 0000 0137 lcd_puts(hienthi);
                 ; 0000 0138 }
                 ; 0000 0139 else if (menu_state == 2)
                 _0x7B:
0002a7 e0e2      	LDI  R30,LOW(2)
0002a8 15e9      	CP   R30,R9
0002a9 f4d9      	BRNE _0x7D
                 ; 0000 013A {
                 ; 0000 013B lcd_gotoxy(0, 0);
0002aa 940e 0598 	CALL SUBOPT_0x5
                 ; 0000 013C lcd_puts("> CAI DO AM  <  ");
                +
0002ac e9a3     +LDI R26 , LOW ( _0x73 + ( 51 ) )
0002ad e0b1     +LDI R27 , HIGH ( _0x73 + ( 51 ) )
                 	__POINTW2MN _0x73,51
0002ae d0bd      	RCALL _lcd_puts
                 ; 0000 013D sprintf(hienthi, "Nguong: %d %%   ", hum_limit);
0002af 940e 05a2 	CALL SUBOPT_0x7
                +
0002b1 efea     +LDI R30 , LOW ( 2 * _0x0 + ( 136 ) )
0002b2 e0f0     +LDI R31 , HIGH ( 2 * _0x0 + ( 136 ) )
                 	__POINTW1FN _0x0,136
0002b3 93fa      	ST   -Y,R31
0002b4 93ea      	ST   -Y,R30
0002b5 940e 0593 	CALL SUBOPT_0x4
0002b7 27ff      	CLR  R31
0002b8 2766      	CLR  R22
0002b9 2777      	CLR  R23
                 _0x88:
0002ba 940e 05f6 	CALL __PUTPARD1
0002bc e084      	LDI  R24,4
0002bd 940e 0527 	CALL _sprintf
0002bf 9628      	ADIW R28,8
                 ; 0000 013E lcd_gotoxy(0, 1);
0002c0 940e 059d 	CALL SUBOPT_0x6
                 ; 0000 013F lcd_puts(hienthi);
0002c2 eaa4      	LDI  R26,LOW(_hienthi)
0002c3 e0b1      	LDI  R27,HIGH(_hienthi)
0002c4 d0a7      	RCALL _lcd_puts
                 ; 0000 0140 }
                 ; 0000 0141 }
                 _0x7D:
                 _0x7A:
0002c5 9508      	RET
                 ; .FEND
                 
                 	.DSEG
                 _0x73:
000160           	.BYTE 0x44
                 ;void main(void)
                 ; 0000 0144 {
                 
                 	.CSEG
                 _main:
                 ; .FSTART _main
                 ; 0000 0145 DDRA = 0x01;
0002c6 e0e1      	LDI  R30,LOW(1)
0002c7 bbea      	OUT  0x1A,R30
                 ; 0000 0146 PORTA = 0x00;
0002c8 e0e0      	LDI  R30,LOW(0)
0002c9 bbeb      	OUT  0x1B,R30
                 ; 0000 0147 DDRB = 0xFF;
0002ca efef      	LDI  R30,LOW(255)
0002cb bbe7      	OUT  0x17,R30
                 ; 0000 0148 PORTB = 0x00;
0002cc e0e0      	LDI  R30,LOW(0)
0002cd bbe8      	OUT  0x18,R30
                 ; 0000 0149 DDRC = (0 << DDC7) | (0 << DDC6) | (0 << DDC5) | (0 << DDC4) | (0 << DDC3) | (0  ...
0002ce bbe4      	OUT  0x14,R30
                 ; 0000 014A PORTC = (0 << PORTC7) | (0 << PORTC6) | (0 << PORTC5) | (0 << PORTC4) | (1 << PO ...
0002cf e0ef      	LDI  R30,LOW(15)
0002d0 bbe5      	OUT  0x15,R30
                 ; 0000 014B DDRD = 0x02;
0002d1 e0e2      	LDI  R30,LOW(2)
0002d2 bbe1      	OUT  0x11,R30
                 ; 0000 014C PORTD = 0x10;
0002d3 e1e0      	LDI  R30,LOW(16)
0002d4 bbe2      	OUT  0x12,R30
                 ; 0000 014D 
                 ; 0000 014E TCCR0 = (0 << WGM00) | (0 << COM01) | (0 << COM00) | (0 << WGM01) | (0 << CS02)  ...
0002d5 e0e3      	LDI  R30,LOW(3)
0002d6 bfe3      	OUT  0x33,R30
                 ; 0000 014F TCNT0 = 0x83;
0002d7 e8e3      	LDI  R30,LOW(131)
0002d8 bfe2      	OUT  0x32,R30
                 ; 0000 0150 OCR0 = 0x00;
0002d9 e0e0      	LDI  R30,LOW(0)
0002da bfec      	OUT  0x3C,R30
                 ; 0000 0151 
                 ; 0000 0152 TIMSK = (0 << OCIE2) | (0 << TOIE2) | (0 << TICIE1) | (0 << OCIE1A) | (0 << OCIE ...
0002db e0e1      	LDI  R30,LOW(1)
0002dc bfe9      	OUT  0x39,R30
                 ; 0000 0153 
                 ; 0000 0154 UCSRA = (0 << RXC) | (0 << TXC) | (0 << UDRE) | (0 << FE) | (0 << DOR) | (0 << U ...
0002dd e0e0      	LDI  R30,LOW(0)
0002de b9eb      	OUT  0xB,R30
                 ; 0000 0155 UCSRB = (1 << RXCIE) | (0 << TXCIE) | (0 << UDRIE) | (1 << RXEN) | (1 << TXEN) | ...
0002df e9e8      	LDI  R30,LOW(152)
0002e0 b9ea      	OUT  0xA,R30
                 ; 0000 0156 UCSRC = (1 << URSEL) | (0 << UMSEL) | (0 << UPM1) | (0 << UPM0) | (0 << USBS) |  ...
0002e1 e8e6      	LDI  R30,LOW(134)
0002e2 bde0      	OUT  0x20,R30
                 ; 0000 0157 UBRRH = 0x01;
0002e3 e0e1      	LDI  R30,LOW(1)
0002e4 bde0      	OUT  0x20,R30
                 ; 0000 0158 UBRRL = 0xA0;
0002e5 eae0      	LDI  R30,LOW(160)
0002e6 b9e9      	OUT  0x9,R30
                 ; 0000 0159 
                 ; 0000 015A lcd_init(16);
0002e7 e1a0      	LDI  R26,LOW(16)
0002e8 d094      	RCALL _lcd_init
                 ; 0000 015B lcd_clear();
0002e9 d054      	RCALL _lcd_clear
                 ; 0000 015C 
                 ; 0000 015D #asm("sei")
0002ea 9478      	SEI
                 ; 0000 015E 
                 ; 0000 015F while (1)
                 _0x7E:
                 ; 0000 0160 {
                 ; 0000 0161 if (flag_10ms)
0002eb 2088      	TST  R8
0002ec f021      	BREQ _0x81
                 ; 0000 0162 {
                 ; 0000 0163 flag_10ms = 0;
0002ed 2488      	CLR  R8
                 ; 0000 0164 Quet_NutBam();
0002ee deb5      	RCALL _Quet_NutBam
                 ; 0000 0165 XuLy_Logic();
0002ef df2e      	RCALL _XuLy_Logic
                 ; 0000 0166 HienThi_LCD();
0002f0 df50      	RCALL _HienThi_LCD
                 ; 0000 0167 }
                 ; 0000 0168 
                 ; 0000 0169 if (flag_2s)
                 _0x81:
0002f1 91e0 01b4 	LDS  R30,_flag_2s
0002f3 30e0      	CPI  R30,0
0002f4 f029      	BREQ _0x82
                 ; 0000 016A {
                 ; 0000 016B flag_2s = 0;
0002f5 e0e0      	LDI  R30,LOW(0)
0002f6 93e0 01b4 	STS  _flag_2s,R30
                 ; 0000 016C Doc_DHT11();
0002f8 de85      	RCALL _Doc_DHT11
                 ; 0000 016D YeuCau_Doc_PM25();
0002f9 de92      	RCALL _YeuCau_Doc_PM25
                 ; 0000 016E }
                 ; 0000 016F }
                 _0x82:
0002fa cff0      	RJMP _0x7E
                 ; 0000 0170 }
                 _0x83:
0002fb cfff      	RJMP _0x83
                 ; .FEND
                 	#ifndef __SLEEP_DEFINED__
                 	#endif
                 
                 	.DSEG
                 
                 	.CSEG
                 __lcd_write_nibble_G100:
                 ; .FSTART __lcd_write_nibble_G100
0002fc 93aa      	ST   -Y,R26
0002fd 81e8      	LD   R30,Y
0002fe 71e0      	ANDI R30,LOW(0x10)
0002ff f011      	BREQ _0x2000004
000300 9a93      	SBI  0x12,3
000301 c001      	RJMP _0x2000005
                 _0x2000004:
000302 9893      	CBI  0x12,3
                 _0x2000005:
000303 81e8      	LD   R30,Y
000304 72e0      	ANDI R30,LOW(0x20)
000305 f011      	BREQ _0x2000006
000306 9a94      	SBI  0x12,4
000307 c001      	RJMP _0x2000007
                 _0x2000006:
000308 9894      	CBI  0x12,4
                 _0x2000007:
000309 81e8      	LD   R30,Y
00030a 74e0      	ANDI R30,LOW(0x40)
00030b f011      	BREQ _0x2000008
00030c 9a95      	SBI  0x12,5
00030d c001      	RJMP _0x2000009
                 _0x2000008:
00030e 9895      	CBI  0x12,5
                 _0x2000009:
00030f 81e8      	LD   R30,Y
000310 78e0      	ANDI R30,LOW(0x80)
000311 f011      	BREQ _0x200000A
000312 9a96      	SBI  0x12,6
000313 c001      	RJMP _0x200000B
                 _0x200000A:
000314 9896      	CBI  0x12,6
                 _0x200000B:
                +
000315 e08d     +LDI R24 , LOW ( 13 )
                +__DELAY_USB_LOOP :
000316 958a     +DEC R24
000317 f7f1     +BRNE __DELAY_USB_LOOP
                 	__DELAY_USB 13
000318 9ac2      	SBI  0x18,2
                +
000319 e08d     +LDI R24 , LOW ( 13 )
                +__DELAY_USB_LOOP :
00031a 958a     +DEC R24
00031b f7f1     +BRNE __DELAY_USB_LOOP
                 	__DELAY_USB 13
00031c 98c2      	CBI  0x18,2
                +
00031d e08d     +LDI R24 , LOW ( 13 )
                +__DELAY_USB_LOOP :
00031e 958a     +DEC R24
00031f f7f1     +BRNE __DELAY_USB_LOOP
                 	__DELAY_USB 13
000320 c088      	RJMP _0x2080002
                 ; .FEND
                 __lcd_write_data:
                 ; .FSTART __lcd_write_data
000321 93aa      	ST   -Y,R26
000322 81a8      	LD   R26,Y
000323 dfd8      	RCALL __lcd_write_nibble_G100
000324 81e8          ld    r30,y
000325 95e2          swap  r30
000326 83e8          st    y,r30
000327 81a8      	LD   R26,Y
000328 dfd3      	RCALL __lcd_write_nibble_G100
                +
000329 e885     +LDI R24 , LOW ( 133 )
                +__DELAY_USB_LOOP :
00032a 958a     +DEC R24
00032b f7f1     +BRNE __DELAY_USB_LOOP
                 	__DELAY_USB 133
00032c c07c      	RJMP _0x2080002
                 ; .FEND
                 _lcd_gotoxy:
                 ; .FSTART _lcd_gotoxy
00032d 93aa      	ST   -Y,R26
00032e 81e8      	LD   R30,Y
00032f e0f0      	LDI  R31,0
000330 54e3      	SUBI R30,LOW(-__base_y_G100)
000331 4ffe      	SBCI R31,HIGH(-__base_y_G100)
000332 81e0      	LD   R30,Z
000333 81a9      	LDD  R26,Y+1
000334 0fae      	ADD  R26,R30
000335 dfeb      	RCALL __lcd_write_data
000336 81e9      	LDD  R30,Y+1
000337 93e0 01c1 	STS  __lcd_x,R30
000339 81e8      	LD   R30,Y
00033a 93e0 01c2 	STS  __lcd_y,R30
00033c 9622      	ADIW R28,2
00033d 9508      	RET
                 ; .FEND
                 _lcd_clear:
                 ; .FSTART _lcd_clear
00033e e0a2      	LDI  R26,LOW(2)
00033f 940e 05ad 	CALL SUBOPT_0x9
000341 e0ac      	LDI  R26,LOW(12)
000342 dfde      	RCALL __lcd_write_data
000343 e0a1      	LDI  R26,LOW(1)
000344 940e 05ad 	CALL SUBOPT_0x9
000346 e0e0      	LDI  R30,LOW(0)
000347 93e0 01c2 	STS  __lcd_y,R30
000349 93e0 01c1 	STS  __lcd_x,R30
00034b 9508      	RET
                 ; .FEND
                 _lcd_putchar:
                 ; .FSTART _lcd_putchar
00034c 93aa      	ST   -Y,R26
00034d 81a8      	LD   R26,Y
00034e 30aa      	CPI  R26,LOW(0xA)
00034f f031      	BREQ _0x2000011
000350 91e0 01c3 	LDS  R30,__lcd_maxx
000352 91a0 01c1 	LDS  R26,__lcd_x
000354 17ae      	CP   R26,R30
000355 f060      	BRLO _0x2000010
                 _0x2000011:
000356 e0e0      	LDI  R30,LOW(0)
000357 93ea      	ST   -Y,R30
000358 91a0 01c2 	LDS  R26,__lcd_y
00035a 5faf      	SUBI R26,-LOW(1)
00035b 93a0 01c2 	STS  __lcd_y,R26
00035d dfcf      	RCALL _lcd_gotoxy
00035e 81a8      	LD   R26,Y
00035f 30aa      	CPI  R26,LOW(0xA)
000360 f409      	BRNE _0x2000013
000361 c047      	RJMP _0x2080002
                 _0x2000013:
                 _0x2000010:
000362 91e0 01c1 	LDS  R30,__lcd_x
000364 5fef      	SUBI R30,-LOW(1)
000365 93e0 01c1 	STS  __lcd_x,R30
000367 9ac0      	SBI  0x18,0
000368 81a8      	LD   R26,Y
000369 dfb7      	RCALL __lcd_write_data
00036a 98c0      	CBI  0x18,0
00036b c03d      	RJMP _0x2080002
                 ; .FEND
                 _lcd_puts:
                 ; .FSTART _lcd_puts
00036c 93ba      	ST   -Y,R27
00036d 93aa      	ST   -Y,R26
00036e 931a      	ST   -Y,R17
                 _0x2000014:
00036f 81a9      	LDD  R26,Y+1
000370 81ba      	LDD  R27,Y+1+1
000371 91ed      	LD   R30,X+
000372 83a9      	STD  Y+1,R26
000373 83ba      	STD  Y+1+1,R27
000374 2f1e      	MOV  R17,R30
000375 30e0      	CPI  R30,0
000376 f019      	BREQ _0x2000016
000377 2fa1      	MOV  R26,R17
000378 dfd3      	RCALL _lcd_putchar
000379 cff5      	RJMP _0x2000014
                 _0x2000016:
00037a 8118      	LDD  R17,Y+0
00037b 9623      	ADIW R28,3
00037c 9508      	RET
                 ; .FEND
                 _lcd_init:
                 ; .FSTART _lcd_init
00037d 93aa      	ST   -Y,R26
00037e 9a8b      	SBI  0x11,3
00037f 9a8c      	SBI  0x11,4
000380 9a8d      	SBI  0x11,5
000381 9a8e      	SBI  0x11,6
000382 9aba      	SBI  0x17,2
000383 9ab8      	SBI  0x17,0
000384 9ab9      	SBI  0x17,1
000385 98c2      	CBI  0x18,2
000386 98c0      	CBI  0x18,0
000387 98c1      	CBI  0x18,1
000388 81e8      	LD   R30,Y
000389 93e0 01c3 	STS  __lcd_maxx,R30
00038b 58e0      	SUBI R30,-LOW(128)
                +
00038c 93e0 01bf+STS __base_y_G100 + ( 2 ) , R30
                 	__PUTB1MN __base_y_G100,2
00038e 81e8      	LD   R30,Y
00038f 54e0      	SUBI R30,-LOW(192)
                +
000390 93e0 01c0+STS __base_y_G100 + ( 3 ) , R30
                 	__PUTB1MN __base_y_G100,3
000392 940e 057c 	CALL SUBOPT_0x0
000394 940e 05b3 	CALL SUBOPT_0xA
000396 940e 05b3 	CALL SUBOPT_0xA
000398 940e 05b3 	CALL SUBOPT_0xA
00039a e2a0      	LDI  R26,LOW(32)
00039b df60      	RCALL __lcd_write_nibble_G100
                +
00039c ec88     +LDI R24 , LOW ( 200 )
00039d e090     +LDI R25 , HIGH ( 200 )
                +__DELAY_USW_LOOP :
00039e 9701     +SBIW R24 , 1
00039f f7f1     +BRNE __DELAY_USW_LOOP
                 	__DELAY_USW 200
0003a0 e2a8      	LDI  R26,LOW(40)
0003a1 df7f      	RCALL __lcd_write_data
0003a2 e0a4      	LDI  R26,LOW(4)
0003a3 df7d      	RCALL __lcd_write_data
0003a4 e8a5      	LDI  R26,LOW(133)
0003a5 df7b      	RCALL __lcd_write_data
0003a6 e0a6      	LDI  R26,LOW(6)
0003a7 df79      	RCALL __lcd_write_data
0003a8 df95      	RCALL _lcd_clear
                 _0x2080002:
0003a9 9621      	ADIW R28,1
0003aa 9508      	RET
                 ; .FEND
                 	#ifndef __SLEEP_DEFINED__
                 	#endif
                 
                 	.CSEG
                 _put_buff_G101:
                 ; .FSTART _put_buff_G101
0003ab 93ba      	ST   -Y,R27
0003ac 93aa      	ST   -Y,R26
0003ad 931a      	ST   -Y,R17
0003ae 930a      	ST   -Y,R16
0003af 81aa      	LDD  R26,Y+2
0003b0 81bb      	LDD  R27,Y+2+1
0003b1 9612      	ADIW R26,2
0003b2 940e 05ee 	CALL __GETW1P
0003b4 9730      	SBIW R30,0
0003b5 f159      	BREQ _0x2020010
0003b6 81aa      	LDD  R26,Y+2
0003b7 81bb      	LDD  R27,Y+2+1
0003b8 9614      	ADIW R26,4
0003b9 940e 05ee 	CALL __GETW1P
0003bb 018f      	MOVW R16,R30
0003bc 9730      	SBIW R30,0
0003bd f061      	BREQ _0x2020012
                +
0003be 3002     +CPI R16 , LOW ( 2 )
0003bf e0e0     +LDI R30 , HIGH ( 2 )
0003c0 071e     +CPC R17 , R30
                 	__CPWRN 16,17,2
0003c1 f098      	BRLO _0x2020013
0003c2 01f8      	MOVW R30,R16
0003c3 9731      	SBIW R30,1
0003c4 018f      	MOVW R16,R30
                +
0003c5 81aa     +LDD R26 , Y + 2
0003c6 81bb     +LDD R27 , Y + 2 + 1
0003c7 9614     +ADIW R26 , 4
0003c8 93ed     +ST X + , R30
0003c9 93fc     +ST X , R31
                 	__PUTW1SNS 2,4
                 _0x2020012:
0003ca 81aa      	LDD  R26,Y+2
0003cb 81bb      	LDD  R27,Y+2+1
0003cc 9612      	ADIW R26,2
0003cd 91ed      	LD   R30,X+
0003ce 91fd      	LD   R31,X+
0003cf 9631      	ADIW R30,1
0003d0 93fe      	ST   -X,R31
0003d1 93ee      	ST   -X,R30
0003d2 9731      	SBIW R30,1
0003d3 81ac      	LDD  R26,Y+4
0003d4 83a0      	STD  Z+0,R26
                 _0x2020013:
0003d5 81aa      	LDD  R26,Y+2
0003d6 81bb      	LDD  R27,Y+2+1
0003d7 940e 05ee 	CALL __GETW1P
0003d9 23ff      	TST  R31
0003da f02a      	BRMI _0x2020014
0003db 91ed      	LD   R30,X+
0003dc 91fd      	LD   R31,X+
0003dd 9631      	ADIW R30,1
0003de 93fe      	ST   -X,R31
0003df 93ee      	ST   -X,R30
                 _0x2020014:
0003e0 c006      	RJMP _0x2020015
                 _0x2020010:
0003e1 81aa      	LDD  R26,Y+2
0003e2 81bb      	LDD  R27,Y+2+1
0003e3 efef      	LDI  R30,LOW(65535)
0003e4 efff      	LDI  R31,HIGH(65535)
0003e5 93ed      	ST   X+,R30
0003e6 93fc      	ST   X,R31
                 _0x2020015:
0003e7 8119      	LDD  R17,Y+1
0003e8 8108      	LDD  R16,Y+0
0003e9 9625      	ADIW R28,5
0003ea 9508      	RET
                 ; .FEND
                 __print_G101:
                 ; .FSTART __print_G101
0003eb 93ba      	ST   -Y,R27
0003ec 93aa      	ST   -Y,R26
0003ed 9726      	SBIW R28,6
0003ee 940e 05d8 	CALL __SAVELOCR6
0003f0 e010      	LDI  R17,0
0003f1 85ac      	LDD  R26,Y+12
0003f2 85bd      	LDD  R27,Y+12+1
0003f3 e0e0      	LDI  R30,LOW(0)
0003f4 e0f0      	LDI  R31,HIGH(0)
0003f5 93ed      	ST   X+,R30
0003f6 93fc      	ST   X,R31
                 _0x2020016:
0003f7 89ea      	LDD  R30,Y+18
0003f8 89fb      	LDD  R31,Y+18+1
0003f9 9631      	ADIW R30,1
0003fa 8bea      	STD  Y+18,R30
0003fb 8bfb      	STD  Y+18+1,R31
0003fc 9731      	SBIW R30,1
0003fd 91e4      	LPM  R30,Z
0003fe 2f2e      	MOV  R18,R30
0003ff 30e0      	CPI  R30,0
000400 f409      	BRNE PC+2
000401 c11d      	RJMP _0x2020018
000402 2fe1      	MOV  R30,R17
000403 30e0      	CPI  R30,0
000404 f439      	BRNE _0x202001C
000405 3225      	CPI  R18,37
000406 f411      	BRNE _0x202001D
000407 e011      	LDI  R17,LOW(1)
000408 c002      	RJMP _0x202001E
                 _0x202001D:
000409 940e 05bb 	CALL SUBOPT_0xB
                 _0x202001E:
00040b c112      	RJMP _0x202001B
                 _0x202001C:
00040c 30e1      	CPI  R30,LOW(0x1)
00040d f4a9      	BRNE _0x202001F
00040e 3225      	CPI  R18,37
00040f f419      	BRNE _0x2020020
000410 940e 05bb 	CALL SUBOPT_0xB
000412 c10a      	RJMP _0x20200CC
                 _0x2020020:
000413 e012      	LDI  R17,LOW(2)
000414 e040      	LDI  R20,LOW(0)
000415 e000      	LDI  R16,LOW(0)
000416 322d      	CPI  R18,45
000417 f411      	BRNE _0x2020021
000418 e001      	LDI  R16,LOW(1)
000419 c104      	RJMP _0x202001B
                 _0x2020021:
00041a 322b      	CPI  R18,43
00041b f411      	BRNE _0x2020022
00041c e24b      	LDI  R20,LOW(43)
00041d c100      	RJMP _0x202001B
                 _0x2020022:
00041e 3220      	CPI  R18,32
00041f f411      	BRNE _0x2020023
000420 e240      	LDI  R20,LOW(32)
000421 c0fc      	RJMP _0x202001B
                 _0x2020023:
000422 c002      	RJMP _0x2020024
                 _0x202001F:
000423 30e2      	CPI  R30,LOW(0x2)
000424 f439      	BRNE _0x2020025
                 _0x2020024:
000425 e050      	LDI  R21,LOW(0)
000426 e013      	LDI  R17,LOW(3)
000427 3320      	CPI  R18,48
000428 f411      	BRNE _0x2020026
000429 6800      	ORI  R16,LOW(128)
00042a c0f3      	RJMP _0x202001B
                 _0x2020026:
00042b c003      	RJMP _0x2020027
                 _0x2020025:
00042c 30e3      	CPI  R30,LOW(0x3)
00042d f009      	BREQ PC+2
00042e c0ef      	RJMP _0x202001B
                 _0x2020027:
00042f 3320      	CPI  R18,48
000430 f010      	BRLO _0x202002A
000431 332a      	CPI  R18,58
000432 f008      	BRLO _0x202002B
                 _0x202002A:
000433 c007      	RJMP _0x2020029
                 _0x202002B:
000434 e0aa      	LDI  R26,LOW(10)
000435 9f5a      	MUL  R21,R26
000436 2d50      	MOV  R21,R0
000437 2fe2      	MOV  R30,R18
000438 53e0      	SUBI R30,LOW(48)
000439 0f5e      	ADD  R21,R30
00043a c0e3      	RJMP _0x202001B
                 _0x2020029:
00043b 2fe2      	MOV  R30,R18
00043c 36e3      	CPI  R30,LOW(0x63)
00043d f449      	BRNE _0x202002F
00043e 940e 05c2 	CALL SUBOPT_0xC
000440 89e8      	LDD  R30,Y+16
000441 89f9      	LDD  R31,Y+16+1
000442 81a4      	LDD  R26,Z+4
000443 93aa      	ST   -Y,R26
000444 940e 05c8 	CALL SUBOPT_0xD
000446 c0d6      	RJMP _0x2020030
                 _0x202002F:
000447 37e3      	CPI  R30,LOW(0x73)
000448 f441      	BRNE _0x2020032
000449 940e 05c2 	CALL SUBOPT_0xC
00044b 940e 05ce 	CALL SUBOPT_0xE
00044d 940e 0563 	CALL _strlen
00044f 2f1e      	MOV  R17,R30
000450 c00a      	RJMP _0x2020033
                 _0x2020032:
000451 37e0      	CPI  R30,LOW(0x70)
000452 f461      	BRNE _0x2020035
000453 940e 05c2 	CALL SUBOPT_0xC
000455 940e 05ce 	CALL SUBOPT_0xE
000457 940e 056f 	CALL _strlenf
000459 2f1e      	MOV  R17,R30
00045a 6008      	ORI  R16,LOW(8)
                 _0x2020033:
00045b 6002      	ORI  R16,LOW(2)
00045c 770f      	ANDI R16,LOW(127)
00045d e030      	LDI  R19,LOW(0)
00045e c03c      	RJMP _0x2020036
                 _0x2020035:
00045f 36e4      	CPI  R30,LOW(0x64)
000460 f011      	BREQ _0x2020039
000461 36e9      	CPI  R30,LOW(0x69)
000462 f411      	BRNE _0x202003A
                 _0x2020039:
000463 6004      	ORI  R16,LOW(4)
000464 c002      	RJMP _0x202003B
                 _0x202003A:
000465 37e5      	CPI  R30,LOW(0x75)
000466 f431      	BRNE _0x202003C
                 _0x202003B:
000467 e5e4      	LDI  R30,LOW(_tbl10_G101*2)
000468 e0f0      	LDI  R31,HIGH(_tbl10_G101*2)
000469 83ee      	STD  Y+6,R30
00046a 83ff      	STD  Y+6+1,R31
00046b e015      	LDI  R17,LOW(5)
00046c c00c      	RJMP _0x202003D
                 _0x202003C:
00046d 35e8      	CPI  R30,LOW(0x58)
00046e f411      	BRNE _0x202003F
00046f 6008      	ORI  R16,LOW(8)
000470 c003      	RJMP _0x2020040
                 _0x202003F:
000471 37e8      	CPI  R30,LOW(0x78)
000472 f009      	BREQ PC+2
000473 c0a9      	RJMP _0x2020071
                 _0x2020040:
000474 e5ee      	LDI  R30,LOW(_tbl16_G101*2)
000475 e0f0      	LDI  R31,HIGH(_tbl16_G101*2)
000476 83ee      	STD  Y+6,R30
000477 83ff      	STD  Y+6+1,R31
000478 e014      	LDI  R17,LOW(4)
                 _0x202003D:
000479 ff02      	SBRS R16,2
00047a c017      	RJMP _0x2020042
00047b 940e 05c2 	CALL SUBOPT_0xC
00047d 89a8      	LDD  R26,Y+16
00047e 89b9      	LDD  R27,Y+16+1
00047f 9614      	ADIW R26,4
000480 91ed      	LD   R30,X+
000481 91fd      	LD   R31,X+
000482 87ea      	STD  Y+10,R30
000483 87fb      	STD  Y+10+1,R31
000484 85ab      	LDD  R26,Y+11
000485 23aa      	TST  R26
000486 f42a      	BRPL _0x2020043
000487 940e 05ea 	CALL __ANEGW1
000489 87ea      	STD  Y+10,R30
00048a 87fb      	STD  Y+10+1,R31
00048b e24d      	LDI  R20,LOW(45)
                 _0x2020043:
00048c 3040      	CPI  R20,0
00048d f011      	BREQ _0x2020044
00048e 5f1f      	SUBI R17,-LOW(1)
00048f c001      	RJMP _0x2020045
                 _0x2020044:
000490 7f0b      	ANDI R16,LOW(251)
                 _0x2020045:
000491 c009      	RJMP _0x2020046
                 _0x2020042:
000492 940e 05c2 	CALL SUBOPT_0xC
000494 89a8      	LDD  R26,Y+16
000495 89b9      	LDD  R27,Y+16+1
000496 9614      	ADIW R26,4
000497 940e 05ee 	CALL __GETW1P
000499 87ea      	STD  Y+10,R30
00049a 87fb      	STD  Y+10+1,R31
                 _0x2020046:
                 _0x2020036:
00049b fd00      	SBRC R16,0
00049c c011      	RJMP _0x2020047
                 _0x2020048:
00049d 1715      	CP   R17,R21
00049e f478      	BRSH _0x202004A
00049f ff07      	SBRS R16,7
0004a0 c008      	RJMP _0x202004B
0004a1 ff02      	SBRS R16,2
0004a2 c004      	RJMP _0x202004C
0004a3 7f0b      	ANDI R16,LOW(251)
0004a4 2f24      	MOV  R18,R20
0004a5 5011      	SUBI R17,LOW(1)
0004a6 c001      	RJMP _0x202004D
                 _0x202004C:
0004a7 e320      	LDI  R18,LOW(48)
                 _0x202004D:
0004a8 c001      	RJMP _0x202004E
                 _0x202004B:
0004a9 e220      	LDI  R18,LOW(32)
                 _0x202004E:
0004aa 940e 05bb 	CALL SUBOPT_0xB
0004ac 5051      	SUBI R21,LOW(1)
0004ad cfef      	RJMP _0x2020048
                 _0x202004A:
                 _0x2020047:
0004ae 2f31      	MOV  R19,R17
0004af ff01      	SBRS R16,1
0004b0 c017      	RJMP _0x202004F
                 _0x2020050:
0004b1 3030      	CPI  R19,0
0004b2 f0a1      	BREQ _0x2020052
0004b3 ff03      	SBRS R16,3
0004b4 c006      	RJMP _0x2020053
0004b5 81ee      	LDD  R30,Y+6
0004b6 81ff      	LDD  R31,Y+6+1
0004b7 9125      	LPM  R18,Z+
0004b8 83ee      	STD  Y+6,R30
0004b9 83ff      	STD  Y+6+1,R31
0004ba c005      	RJMP _0x2020054
                 _0x2020053:
0004bb 81ae      	LDD  R26,Y+6
0004bc 81bf      	LDD  R27,Y+6+1
0004bd 912d      	LD   R18,X+
0004be 83ae      	STD  Y+6,R26
0004bf 83bf      	STD  Y+6+1,R27
                 _0x2020054:
0004c0 940e 05bb 	CALL SUBOPT_0xB
0004c2 3050      	CPI  R21,0
0004c3 f009      	BREQ _0x2020055
0004c4 5051      	SUBI R21,LOW(1)
                 _0x2020055:
0004c5 5031      	SUBI R19,LOW(1)
0004c6 cfea      	RJMP _0x2020050
                 _0x2020052:
0004c7 c04b      	RJMP _0x2020056
                 _0x202004F:
                 _0x2020058:
0004c8 e320      	LDI  R18,LOW(48)
0004c9 81ee      	LDD  R30,Y+6
0004ca 81ff      	LDD  R31,Y+6+1
0004cb 940e 05f2 	CALL __GETW1PF
0004cd 87e8      	STD  Y+8,R30
0004ce 87f9      	STD  Y+8+1,R31
0004cf 81ee      	LDD  R30,Y+6
0004d0 81ff      	LDD  R31,Y+6+1
0004d1 9632      	ADIW R30,2
0004d2 83ee      	STD  Y+6,R30
0004d3 83ff      	STD  Y+6+1,R31
                 _0x202005A:
0004d4 85e8      	LDD  R30,Y+8
0004d5 85f9      	LDD  R31,Y+8+1
0004d6 85aa      	LDD  R26,Y+10
0004d7 85bb      	LDD  R27,Y+10+1
0004d8 17ae      	CP   R26,R30
0004d9 07bf      	CPC  R27,R31
0004da f050      	BRLO _0x202005C
0004db 5f2f      	SUBI R18,-LOW(1)
0004dc 85a8      	LDD  R26,Y+8
0004dd 85b9      	LDD  R27,Y+8+1
0004de 85ea      	LDD  R30,Y+10
0004df 85fb      	LDD  R31,Y+10+1
0004e0 1bea      	SUB  R30,R26
0004e1 0bfb      	SBC  R31,R27
0004e2 87ea      	STD  Y+10,R30
0004e3 87fb      	STD  Y+10+1,R31
0004e4 cfef      	RJMP _0x202005A
                 _0x202005C:
0004e5 332a      	CPI  R18,58
0004e6 f028      	BRLO _0x202005D
0004e7 ff03      	SBRS R16,3
0004e8 c002      	RJMP _0x202005E
0004e9 5f29      	SUBI R18,-LOW(7)
0004ea c001      	RJMP _0x202005F
                 _0x202005E:
0004eb 5d29      	SUBI R18,-LOW(39)
                 _0x202005F:
                 _0x202005D:
0004ec fd04      	SBRC R16,4
0004ed c01a      	RJMP _0x2020061
0004ee 3321      	CPI  R18,49
0004ef f420      	BRSH _0x2020063
0004f0 85a8      	LDD  R26,Y+8
0004f1 85b9      	LDD  R27,Y+8+1
0004f2 9711      	SBIW R26,1
0004f3 f409      	BRNE _0x2020062
                 _0x2020063:
0004f4 c009      	RJMP _0x20200CD
                 _0x2020062:
0004f5 1753      	CP   R21,R19
0004f6 f010      	BRLO _0x2020067
0004f7 ff00      	SBRS R16,0
0004f8 c001      	RJMP _0x2020068
                 _0x2020067:
0004f9 c013      	RJMP _0x2020066
                 _0x2020068:
0004fa e220      	LDI  R18,LOW(32)
0004fb ff07      	SBRS R16,7
0004fc c00b      	RJMP _0x2020069
0004fd e320      	LDI  R18,LOW(48)
                 _0x20200CD:
0004fe 6100      	ORI  R16,LOW(16)
0004ff ff02      	SBRS R16,2
000500 c007      	RJMP _0x202006A
000501 7f0b      	ANDI R16,LOW(251)
000502 934a      	ST   -Y,R20
000503 940e 05c8 	CALL SUBOPT_0xD
000505 3050      	CPI  R21,0
000506 f009      	BREQ _0x202006B
000507 5051      	SUBI R21,LOW(1)
                 _0x202006B:
                 _0x202006A:
                 _0x2020069:
                 _0x2020061:
000508 940e 05bb 	CALL SUBOPT_0xB
00050a 3050      	CPI  R21,0
00050b f009      	BREQ _0x202006C
00050c 5051      	SUBI R21,LOW(1)
                 _0x202006C:
                 _0x2020066:
00050d 5031      	SUBI R19,LOW(1)
00050e 85a8      	LDD  R26,Y+8
00050f 85b9      	LDD  R27,Y+8+1
000510 9712      	SBIW R26,2
000511 f008      	BRLO _0x2020059
000512 cfb5      	RJMP _0x2020058
                 _0x2020059:
                 _0x2020056:
000513 ff00      	SBRS R16,0
000514 c008      	RJMP _0x202006D
                 _0x202006E:
000515 3050      	CPI  R21,0
000516 f031      	BREQ _0x2020070
000517 5051      	SUBI R21,LOW(1)
000518 e2e0      	LDI  R30,LOW(32)
000519 93ea      	ST   -Y,R30
00051a 940e 05c8 	CALL SUBOPT_0xD
00051c cff8      	RJMP _0x202006E
                 _0x2020070:
                 _0x202006D:
                 _0x2020071:
                 _0x2020030:
                 _0x20200CC:
00051d e010      	LDI  R17,LOW(0)
                 _0x202001B:
00051e ced8      	RJMP _0x2020016
                 _0x2020018:
00051f 85ac      	LDD  R26,Y+12
000520 85bd      	LDD  R27,Y+12+1
000521 91ed      	LD   R30,X+
000522 91fd      	LD   R31,X+
000523 940e 05df 	CALL __LOADLOCR6
000525 9664      	ADIW R28,20
000526 9508      	RET
                 ; .FEND
                 _sprintf:
                 ; .FSTART _sprintf
000527 92ff      	PUSH R15
000528 2ef8      	MOV  R15,R24
000529 9726      	SBIW R28,6
00052a 940e 05da 	CALL __SAVELOCR4
00052c 01de      	MOVW R26,R28
00052d 961c      	ADIW R26,12
00052e 940e 05e6 	CALL __ADDW2R15
000530 940e 05ee 	CALL __GETW1P
000532 9730      	SBIW R30,0
000533 f419      	BRNE _0x2020072
000534 efef      	LDI  R30,LOW(65535)
000535 efff      	LDI  R31,HIGH(65535)
000536 c027      	RJMP _0x2080001
                 _0x2020072:
000537 01de      	MOVW R26,R28
000538 9616      	ADIW R26,6
000539 940e 05e6 	CALL __ADDW2R15
00053b 018d      	MOVW R16,R26
00053c 01de      	MOVW R26,R28
00053d 961c      	ADIW R26,12
00053e 940e 05e6 	CALL __ADDW2R15
000540 91ed      	LD   R30,X+
000541 91fd      	LD   R31,X+
000542 83ee      	STD  Y+6,R30
000543 83ff      	STD  Y+6+1,R31
000544 e0e0      	LDI  R30,LOW(0)
000545 87e8      	STD  Y+8,R30
000546 87e9      	STD  Y+8+1,R30
000547 01de      	MOVW R26,R28
000548 961a      	ADIW R26,10
000549 940e 05e6 	CALL __ADDW2R15
00054b 91ed      	LD   R30,X+
00054c 91fd      	LD   R31,X+
00054d 93fa      	ST   -Y,R31
00054e 93ea      	ST   -Y,R30
00054f 931a      	ST   -Y,R17
000550 930a      	ST   -Y,R16
000551 eaeb      	LDI  R30,LOW(_put_buff_G101)
000552 e0f3      	LDI  R31,HIGH(_put_buff_G101)
000553 93fa      	ST   -Y,R31
000554 93ea      	ST   -Y,R30
000555 01de      	MOVW R26,R28
000556 961a      	ADIW R26,10
000557 de93      	RCALL __print_G101
000558 019f      	MOVW R18,R30
000559 81ae      	LDD  R26,Y+6
00055a 81bf      	LDD  R27,Y+6+1
00055b e0e0      	LDI  R30,LOW(0)
00055c 93ec      	ST   X,R30
00055d 01f9      	MOVW R30,R18
                 _0x2080001:
00055e 940e 05e1 	CALL __LOADLOCR4
000560 962a      	ADIW R28,10
000561 90ff      	POP  R15
000562 9508      	RET
                 ; .FEND
                 
                 	.CSEG
                 _strlen:
                 ; .FSTART _strlen
000563 93ba      	ST   -Y,R27
000564 93aa      	ST   -Y,R26
000565 91a9          ld   r26,y+
000566 91b9          ld   r27,y+
000567 27ee          clr  r30
000568 27ff          clr  r31
                 strlen0:
000569 916d          ld   r22,x+
00056a 2366          tst  r22
00056b f011          breq strlen1
00056c 9631          adiw r30,1
00056d cffb          rjmp strlen0
                 strlen1:
00056e 9508          ret
                 ; .FEND
                 _strlenf:
                 ; .FSTART _strlenf
00056f 93ba      	ST   -Y,R27
000570 93aa      	ST   -Y,R26
000571 27aa          clr  r26
000572 27bb          clr  r27
000573 91e9          ld   r30,y+
000574 91f9          ld   r31,y+
                 strlenf0:
000575 9005      	lpm  r0,z+
000576 2000          tst  r0
000577 f011          breq strlenf1
000578 9611          adiw r26,1
000579 cffb          rjmp strlenf0
                 strlenf1:
00057a 01fd          movw r30,r26
00057b 9508          ret
                 ; .FEND
                 
                 	.CSEG
                 
                 	.DSEG
                 _hienthi:
0001a4           	.BYTE 0x10
                 
                 	.ESEG
                 _pm25_limit:
000000 32
000001 00        	.DB  0x32,0x0
                 _hum_limit:
000002 50        	.DB  0x50
                 
                 	.DSEG
                 _flag_2s:
0001b4           	.BYTE 0x1
                 _rx_buffer:
0001b5           	.BYTE 0x7
                 _rx_index:
0001bc           	.BYTE 0x1
                 __base_y_G100:
0001bd           	.BYTE 0x4
                 __lcd_x:
0001c1           	.BYTE 0x1
                 __lcd_y:
0001c2           	.BYTE 0x1
                 __lcd_maxx:
0001c3           	.BYTE 0x1
                 
                 	.CSEG
                 ;OPTIMIZER ADDED SUBROUTINE, CALLED 6 TIMES, CODE SIZE REDUCTION:7 WORDS
                 SUBOPT_0x0:
00057c e1a4      	LDI  R26,LOW(20)
00057d e0b0      	LDI  R27,0
00057e 940c 0624 	JMP  _delay_ms
                 
                 ;OPTIMIZER ADDED SUBROUTINE, CALLED 2 TIMES, CODE SIZE REDUCTION:1 WORDS
                 SUBOPT_0x1:
000580 01f8      	MOVW R30,R16
000581 9631      	ADIW R30,1
000582 018f      	MOVW R16,R30
000583 3ee9      	CPI  R30,LOW(0x3E9)
000584 e0a3      	LDI  R26,HIGH(0x3E9)
000585 07fa      	CPC  R31,R26
000586 9508      	RET
                 
                 ;OPTIMIZER ADDED SUBROUTINE, CALLED 2 TIMES, CODE SIZE REDUCTION:1 WORDS
                 SUBOPT_0x2:
000587 01f9      	MOVW R30,R18
000588 9631      	ADIW R30,1
000589 019f      	MOVW R18,R30
00058a 3ee9      	CPI  R30,LOW(0x3E9)
00058b e0a3      	LDI  R26,HIGH(0x3E9)
00058c 07fa      	CPC  R31,R26
00058d 9508      	RET
                 
                 ;OPTIMIZER ADDED SUBROUTINE, CALLED 6 TIMES, CODE SIZE REDUCTION:7 WORDS
                 SUBOPT_0x3:
00058e e0a0      	LDI  R26,LOW(_pm25_limit)
00058f e0b0      	LDI  R27,HIGH(_pm25_limit)
000590 940e 05fb 	CALL __EEPROMRDW
000592 9508      	RET
                 
                 ;OPTIMIZER ADDED SUBROUTINE, CALLED 7 TIMES, CODE SIZE REDUCTION:9 WORDS
                 SUBOPT_0x4:
000593 e0a2      	LDI  R26,LOW(_hum_limit)
000594 e0b0      	LDI  R27,HIGH(_hum_limit)
000595 940e 05ff 	CALL __EEPROMRDB
000597 9508      	RET
                 
                 ;OPTIMIZER ADDED SUBROUTINE, CALLED 4 TIMES, CODE SIZE REDUCTION:6 WORDS
                 SUBOPT_0x5:
000598 e0e0      	LDI  R30,LOW(0)
000599 93ea      	ST   -Y,R30
00059a e0a0      	LDI  R26,LOW(0)
00059b 940c 032d 	JMP  _lcd_gotoxy
                 
                 ;OPTIMIZER ADDED SUBROUTINE, CALLED 3 TIMES, CODE SIZE REDUCTION:3 WORDS
                 SUBOPT_0x6:
00059d e0e0      	LDI  R30,LOW(0)
00059e 93ea      	ST   -Y,R30
00059f e0a1      	LDI  R26,LOW(1)
0005a0 940c 032d 	JMP  _lcd_gotoxy
                 
                 ;OPTIMIZER ADDED SUBROUTINE, CALLED 5 TIMES, CODE SIZE REDUCTION:5 WORDS
                 SUBOPT_0x7:
0005a2 eae4      	LDI  R30,LOW(_hienthi)
0005a3 e0f1      	LDI  R31,HIGH(_hienthi)
0005a4 93fa      	ST   -Y,R31
0005a5 93ea      	ST   -Y,R30
0005a6 9508      	RET
                 
                 ;OPTIMIZER ADDED SUBROUTINE, CALLED 3 TIMES, CODE SIZE REDUCTION:3 WORDS
                 SUBOPT_0x8:
0005a7 27ff      	CLR  R31
0005a8 2766      	CLR  R22
0005a9 2777      	CLR  R23
0005aa 940e 05f6 	CALL __PUTPARD1
0005ac 9508      	RET
                 
                 ;OPTIMIZER ADDED SUBROUTINE, CALLED 2 TIMES, CODE SIZE REDUCTION:1 WORDS
                 SUBOPT_0x9:
0005ad 940e 0321 	CALL __lcd_write_data
0005af e0a3      	LDI  R26,LOW(3)
0005b0 e0b0      	LDI  R27,0
0005b1 940c 0624 	JMP  _delay_ms
                 
                 ;OPTIMIZER ADDED SUBROUTINE, CALLED 3 TIMES, CODE SIZE REDUCTION:7 WORDS
                 SUBOPT_0xA:
0005b3 e3a0      	LDI  R26,LOW(48)
0005b4 940e 02fc 	CALL __lcd_write_nibble_G100
                +
0005b6 ec88     +LDI R24 , LOW ( 200 )
0005b7 e090     +LDI R25 , HIGH ( 200 )
                +__DELAY_USW_LOOP :
0005b8 9701     +SBIW R24 , 1
0005b9 f7f1     +BRNE __DELAY_USW_LOOP
                 	__DELAY_USW 200
0005ba 9508      	RET
                 
                 ;OPTIMIZER ADDED SUBROUTINE, CALLED 5 TIMES, CODE SIZE REDUCTION:13 WORDS
                 SUBOPT_0xB:
0005bb 932a      	ST   -Y,R18
0005bc 85ad      	LDD  R26,Y+13
0005bd 85be      	LDD  R27,Y+13+1
0005be 85ef      	LDD  R30,Y+15
0005bf 89f8      	LDD  R31,Y+15+1
0005c0 9509      	ICALL
0005c1 9508      	RET
                 
                 ;OPTIMIZER ADDED SUBROUTINE, CALLED 5 TIMES, CODE SIZE REDUCTION:9 WORDS
                 SUBOPT_0xC:
0005c2 89e8      	LDD  R30,Y+16
0005c3 89f9      	LDD  R31,Y+16+1
0005c4 9734      	SBIW R30,4
0005c5 8be8      	STD  Y+16,R30
0005c6 8bf9      	STD  Y+16+1,R31
0005c7 9508      	RET
                 
                 ;OPTIMIZER ADDED SUBROUTINE, CALLED 3 TIMES, CODE SIZE REDUCTION:3 WORDS
                 SUBOPT_0xD:
0005c8 85ad      	LDD  R26,Y+13
0005c9 85be      	LDD  R27,Y+13+1
0005ca 85ef      	LDD  R30,Y+15
0005cb 89f8      	LDD  R31,Y+15+1
0005cc 9509      	ICALL
0005cd 9508      	RET
                 
                 ;OPTIMIZER ADDED SUBROUTINE, CALLED 2 TIMES, CODE SIZE REDUCTION:4 WORDS
                 SUBOPT_0xE:
0005ce 89a8      	LDD  R26,Y+16
0005cf 89b9      	LDD  R27,Y+16+1
0005d0 9614      	ADIW R26,4
0005d1 91ed      	LD   R30,X+
0005d2 91fd      	LD   R31,X+
0005d3 83ee      	STD  Y+6,R30
0005d4 83ff      	STD  Y+6+1,R31
0005d5 81ae      	LDD  R26,Y+6
0005d6 81bf      	LDD  R27,Y+6+1
0005d7 9508      	RET
                 
                 ;RUNTIME LIBRARY
                 
                 	.CSEG
                 __SAVELOCR6:
0005d8 935a      	ST   -Y,R21
                 __SAVELOCR5:
0005d9 934a      	ST   -Y,R20
                 __SAVELOCR4:
0005da 933a      	ST   -Y,R19
                 __SAVELOCR3:
0005db 932a      	ST   -Y,R18
                 __SAVELOCR2:
0005dc 931a      	ST   -Y,R17
0005dd 930a      	ST   -Y,R16
0005de 9508      	RET
                 
                 __LOADLOCR6:
0005df 815d      	LDD  R21,Y+5
                 __LOADLOCR5:
0005e0 814c      	LDD  R20,Y+4
                 __LOADLOCR4:
0005e1 813b      	LDD  R19,Y+3
                 __LOADLOCR3:
0005e2 812a      	LDD  R18,Y+2
                 __LOADLOCR2:
0005e3 8119      	LDD  R17,Y+1
0005e4 8108      	LD   R16,Y
0005e5 9508      	RET
                 
                 __ADDW2R15:
0005e6 2400      	CLR  R0
0005e7 0daf      	ADD  R26,R15
0005e8 1db0      	ADC  R27,R0
0005e9 9508      	RET
                 
                 __ANEGW1:
0005ea 95f1      	NEG  R31
0005eb 95e1      	NEG  R30
0005ec 40f0      	SBCI R31,0
0005ed 9508      	RET
                 
                 __GETW1P:
0005ee 91ed      	LD   R30,X+
0005ef 91fc      	LD   R31,X
0005f0 9711      	SBIW R26,1
0005f1 9508      	RET
                 
                 __GETW1PF:
0005f2 9005      	LPM  R0,Z+
0005f3 91f4      	LPM  R31,Z
0005f4 2de0      	MOV  R30,R0
0005f5 9508      	RET
                 
                 __PUTPARD1:
0005f6 937a      	ST   -Y,R23
0005f7 936a      	ST   -Y,R22
0005f8 93fa      	ST   -Y,R31
0005f9 93ea      	ST   -Y,R30
0005fa 9508      	RET
                 
                 __EEPROMRDW:
0005fb 9611      	ADIW R26,1
0005fc d002      	RCALL __EEPROMRDB
0005fd 2ffe      	MOV  R31,R30
0005fe 9711      	SBIW R26,1
                 
                 __EEPROMRDB:
0005ff 99e1      	SBIC EECR,EEWE
000600 cffe      	RJMP __EEPROMRDB
000601 93ff      	PUSH R31
000602 b7ff      	IN   R31,SREG
000603 94f8      	CLI
000604 bbae      	OUT  EEARL,R26
000605 bbbf      	OUT  EEARH,R27
000606 9ae0      	SBI  EECR,EERE
000607 b3ed      	IN   R30,EEDR
000608 bfff      	OUT  SREG,R31
000609 91ff      	POP  R31
00060a 9508      	RET
                 
                 __EEPROMWRW:
00060b d007      	RCALL __EEPROMWRB
00060c 9611      	ADIW R26,1
00060d 93ef      	PUSH R30
00060e 2fef      	MOV  R30,R31
00060f d003      	RCALL __EEPROMWRB
000610 91ef      	POP  R30
000611 9711      	SBIW R26,1
000612 9508      	RET
                 
                 __EEPROMWRB:
000613 9be1      	SBIS EECR,EEWE
000614 c002      	RJMP __EEPROMWRB1
000615 95a8      	WDR
000616 cffc      	RJMP __EEPROMWRB
                 __EEPROMWRB1:
000617 b79f      	IN   R25,SREG
000618 94f8      	CLI
000619 bbae      	OUT  EEARL,R26
00061a bbbf      	OUT  EEARH,R27
00061b 9ae0      	SBI  EECR,EERE
00061c b38d      	IN   R24,EEDR
00061d 17e8      	CP   R30,R24
00061e f019      	BREQ __EEPROMWRB0
00061f bbed      	OUT  EEDR,R30
000620 9ae2      	SBI  EECR,EEMWE
000621 9ae1      	SBI  EECR,EEWE
                 __EEPROMWRB0:
000622 bf9f      	OUT  SREG,R25
000623 9508      	RET
                 
                 _delay_ms:
000624 9610      	adiw r26,0
000625 f039      	breq __delay_ms1
                 __delay_ms0:
000626 95a8      	wdr
                +
000627 ed80     +LDI R24 , LOW ( 0x7D0 )
000628 e097     +LDI R25 , HIGH ( 0x7D0 )
                +__DELAY_USW_LOOP :
000629 9701     +SBIW R24 , 1
00062a f7f1     +BRNE __DELAY_USW_LOOP
                 	__DELAY_USW 0x7D0
00062b 9711      	sbiw r26,1
00062c f7c9      	brne __delay_ms0
                 __delay_ms1:
00062d 9508      	ret
                 
                 ;END OF CODE MARKER
                 __END_OF_CODE:


RESOURCE USE INFORMATION
------------------------

Notice:
The register and instruction counts are symbol table hit counts,
and hence implicitly used resources are not counted, eg, the
'lpm' instruction without operands implicitly uses r0 and z,
none of which are counted.

x,y,z are separate entities in the symbol table and are
counted separately from r26..r31 here.

.dseg memory usage only counts static data declared with .byte

ATmega16 register use summary:
r0 :  11 r1 :   1 r2 :   9 r3 :   0 r4 :   2 r5 :   6 r6 :   4 r7 :   2 
r8 :   3 r9 :  13 r10:   4 r11:   2 r12:   4 r13:   2 r14:   0 r15:   4 
r16:  52 r17:  36 r18:  33 r19:  10 r20:   9 r21:  17 r22:  10 r23:   6 
r24:  31 r25:   7 r26: 138 r27:  58 r28:  18 r29:   1 r30: 324 r31:  95 
x  :  33 y  : 201 z  :  16 
Registers used: 33 out of 35 (94.3%)

ATmega16 instruction use summary:
.lds  :   0 .lds.l:   0 .sts  :   0 .sts.l:   0 adc   :   1 add   :   3 
adiw  :  36 and   :   0 andi  :   9 asr   :   0 bclr  :   0 bld   :   3 
brbc  :   0 brbs  :   0 brcc  :   0 brcs  :   0 break :   0 breq  :  25 
brge  :   0 brhc  :   0 brhs  :   0 brid  :   0 brie  :   0 brlo  :  18 
brlt  :   0 brmi  :   1 brne  :  47 brpl  :   1 brsh  :  10 brtc  :   0 
brts  :   0 brvc  :   0 brvs  :   0 bset  :   0 bst   :   0 call  :  94 
cbi   :  14 cbr   :   0 clc   :   0 clh   :   0 cli   :   4 cln   :   0 
clr   :  23 cls   :   0 clt   :   2 clv   :   0 clz   :   0 com   :   0 
cp    :  20 cpc   :   8 cpi   :  45 cpse  :   0 dec   :   7 des   :   0 
eor   :   1 fmul  :   0 fmuls :   0 fmulsu:   0 icall :   2 ijmp  :   0 
in    :   8 inc   :   1 jmp   :  26 ld    :  51 ldd   :  75 ldi   : 197 
lds   :  12 lpm   :  14 lsl   :   2 lsr   :   0 mov   :  24 movw  :  25 
mul   :   1 muls  :   0 mulsu :   0 neg   :   2 nop   :   0 or    :   2 
ori   :   7 out   :  38 pop   :   3 push  :   3 rcall :  38 ret   :  39 
reti  :   2 rjmp  : 122 rol   :   0 ror   :   0 sbc   :   1 sbci  :   3 
sbi   :  21 sbic  :  12 sbis  :  12 sbiw  :  24 sbr   :   0 sbrc  :   7 
sbrs  :  10 sec   :   0 seh   :   0 sei   :   2 sen   :   0 ser   :   0 
ses   :   0 set   :   1 sev   :   0 sez   :   0 sleep :   0 spm   :   0 
st    :  79 std   :  33 sts   :  15 sub   :   1 subi  :  23 swap  :   1 
tst   :   9 wdr   :   2 
Instructions used: 62 out of 116 (53.4%)

ATmega16 memory use summary [bytes]:
Segment   Begin    End      Code   Data   Used    Size   Use%
---------------------------------------------------------------
[.cseg] 0x000000 0x000c5c   2934    230   3164   16384  19.3%
[.dseg] 0x000060 0x0001c4      0    100    100    1024   9.8%
[.eseg] 0x000000 0x000003      0      3      3     512   0.6%

Assembly complete, 0 errors, 11 warnings
